composer,filename,mean_pitch,std_pitch,mean_note_duration,std_note_duration,note_density,mean_interval,std_interval,instrument_count,min_pitch,max_pitch,pitch_range,median_pitch,median_note_duration,pitch_class_entropy,chromatic_note_ratio,polyphony_ratio,pitch_class_0,pitch_class_1,pitch_class_2,pitch_class_3,pitch_class_4,pitch_class_5,pitch_class_6,pitch_class_7,pitch_class_8,pitch_class_9,pitch_class_10,pitch_class_11,melodic_interval_-12,melodic_interval_-11,melodic_interval_-10,melodic_interval_-9,melodic_interval_-8,melodic_interval_-7,melodic_interval_-6,melodic_interval_-5,melodic_interval_-4,melodic_interval_-3,melodic_interval_-2,melodic_interval_-1,melodic_interval_0,melodic_interval_1,melodic_interval_2,melodic_interval_3,melodic_interval_4,melodic_interval_5,melodic_interval_6,melodic_interval_7,melodic_interval_8,melodic_interval_9,melodic_interval_10,melodic_interval_11,melodic_interval_12,vertical_interval_-12,vertical_interval_-11,vertical_interval_-10,vertical_interval_-9,vertical_interval_-8,vertical_interval_-7,vertical_interval_-6,vertical_interval_-5,vertical_interval_-4,vertical_interval_-3,vertical_interval_-2,vertical_interval_-1,vertical_interval_0,vertical_interval_1,vertical_interval_2,vertical_interval_3,vertical_interval_4,vertical_interval_5,vertical_interval_6,vertical_interval_7,vertical_interval_8,vertical_interval_9,vertical_interval_10,vertical_interval_11,vertical_interval_12
albeniz,alb_esp1.mid,68.08201892744479,12.074148872810717,0.31481305963788064,0.3221049182511153,6.660196010776686,0.00631911532385466,17.62851590528732,2,41.0,105.0,64.0,65.0,0.2564105000000012,2.9631760727992784,0.1151419558359621,0.9495268138801262,0.07570977917981073,0.10094637223974763,0.13406940063091483,0.0031545741324921135,0.18769716088328076,0.07570977917981073,0.0,0.0694006309148265,0.00473186119873817,0.22397476340694006,0.11829652996845426,0.006309148264984227,0.2764612954186414,0.0,0.009478672985781991,0.07109004739336493,0.02527646129541864,0.045813586097946286,0.01579778830963665,0.02527646129541864,0.01579778830963665,0.011058451816745656,0.009478672985781991,0.00315955766192733,0.00315955766192733,0.00631911532385466,0.01579778830963665,0.004739336492890996,0.02527646129541864,0.030015797788309637,0.00315955766192733,0.017377567140600316,0.05055292259083728,0.017377567140600316,0.00631911532385466,0.00631911532385466,0.3048973143759874,0.48879837067209775,0.008146639511201629,0.028513238289205704,0.1120162932790224,0.09164969450101833,0.06720977596741344,0.024439918533604887,0.06517311608961303,0.07128309572301425,0.014256619144602852,0.008146639511201629,0.004073319755600814,0.0,0.0,0.008146639511201629,0.002036659877800407,0.0,0.0,0.0,0.002036659877800407,0.0,0.002036659877800407,0.0,0.0,0.002036659877800407
albeniz,alb_esp2.mid,62.60735294117647,9.782800275400378,0.6604644483272054,0.5288082902185794,5.33833924721741,0.017673048600883652,14.11241360840913,2,33.0,86.0,53.0,65.0,0.49991649999999765,3.317223462216388,0.17647058823529416,0.9955882352941177,0.014705882352941176,0.12352941176470589,0.1411764705882353,0.023529411764705882,0.06911764705882353,0.052941176470588235,0.1588235294117647,0.07058823529411765,0.04264705882352941,0.15588235294117647,0.04264705882352941,0.10441176470588236,0.20471281296023564,0.007363770250368188,0.030927835051546393,0.035346097201767304,0.025036818851251842,0.017673048600883652,0.022091310751104567,0.027982326951399118,0.050073637702503684,0.06774668630338733,0.050073637702503684,0.007363770250368188,0.013254786450662739,0.03829160530191458,0.014727540500736377,0.026509572901325478,0.022091310751104567,0.020618556701030927,0.022091310751104567,0.016200294550810016,0.013254786450662739,0.017673048600883652,0.011782032400589101,0.004418262150220913,0.23269513991163476,0.5173807599029911,0.016168148746968473,0.04203718674211803,0.06224737267582862,0.04203718674211803,0.05173807599029911,0.04688763136620857,0.039611964430072755,0.05578011317704123,0.056588520614389654,0.009700889248181084,0.0032336297493936943,0.0,0.0008084074373484236,0.0,0.0064672594987873885,0.010509296685529508,0.012126111560226353,0.005658852061438965,0.005658852061438965,0.002425222312045271,0.008084074373484237,0.002425222312045271,0.0,0.002425222312045271
albeniz,alb_esp3.mid,73.26604729729729,9.446381184572719,0.24450625628519188,0.39349475909747633,6.772639858876324,-0.01014370245139476,12.759756788489824,2,36.0,102.0,66.0,74.0,0.1296007499999945,3.0201958713027865,0.10895270270270274,0.8403716216216216,0.10810810810810811,0.006756756756756757,0.08277027027027027,0.09543918918918919,0.15202702702702703,0.0033783783783783786,0.17145270270270271,0.09206081081081081,0.0033783783783783786,0.09966216216216216,0.0,0.18496621621621623,0.18258664412510567,0.0033812341504649195,0.018596787827557058,0.028740490278951817,0.0507185122569738,0.01775147928994083,0.021132713440405747,0.0338123415046492,0.04818258664412511,0.02028740490278952,0.07945900253592561,0.011834319526627219,0.006762468300929839,0.0084530853761623,0.04564666103127642,0.0338123415046492,0.03634826711749789,0.03127641589180051,0.0084530853761623,0.0253592561284869,0.027895181741335588,0.04057480980557904,0.01944209636517329,0.0084530853761623,0.19103972950126796,0.47026431718061673,0.014317180616740088,0.06167400881057269,0.06497797356828194,0.09801762114537445,0.053964757709251104,0.04185022026431718,0.07929515418502203,0.012114537444933921,0.018722466960352423,0.012114537444933921,0.004405286343612335,0.0,0.004405286343612335,0.004405286343612335,0.019823788546255508,0.0,0.014317180616740088,0.0,0.0022026431718061676,0.015418502202643172,0.0022026431718061676,0.0,0.0011013215859030838,0.004405286343612335
albeniz,alb_esp4.mid,67.326895565093,9.92834156267237,0.41527638597550076,0.46310649054484077,7.2695411064791,-0.025769506084466716,11.182646858608141,2,37.0,95.0,58.0,69.0,0.2687259791666605,3.2767200815745534,0.19742489270386265,0.9914163090128756,0.11015736766809728,0.031473533619456366,0.2575107296137339,0.08655221745350501,0.02503576537911302,0.06652360515021459,0.056509298998569386,0.10300429184549356,0.027896995708154508,0.06866952789699571,0.11015736766809728,0.056509298998569386,0.12383679312813171,0.002863278453829635,0.025769506084466716,0.03865425912670007,0.03364352183249821,0.024337866857551897,0.013600572655690766,0.023622047244094488,0.04509663564781675,0.08804581245526127,0.05082319255547602,0.049391553328561204,0.026485325697924122,0.025769506084466716,0.03865425912670007,0.04008589835361489,0.04438081603435934,0.03221188260558339,0.021474588403722263,0.03793843951324266,0.020758768790264854,0.025769506084466716,0.013600572655690766,0.013600572655690766,0.1395848246241947,0.40848214285714285,0.020982142857142855,0.04598214285714286,0.065625,0.06651785714285714,0.05669642857142857,0.03214285714285714,0.04732142857142857,0.046875,0.060714285714285714,0.020982142857142855,0.009375,0.0,0.0040178571428571425,0.006696428571428571,0.017857142857142856,0.013392857142857142,0.009821428571428571,0.008928571428571428,0.012053571428571429,0.007589285714285714,0.020089285714285716,0.00625,0.0,0.011607142857142858
albeniz,alb_esp5.mid,65.31754574811626,9.811425645726557,0.4758861466720492,0.3472227601126243,7.57524063936286,-0.0334051724137931,11.76154808708449,2,27.0,99.0,72.0,67.0,0.2597850000000008,3.1437263817934418,0.10548977395048442,0.9903121636167922,0.11302475780409042,0.0193756727664155,0.0968783638320775,0.16361679224973089,0.015069967707212056,0.09257265877287406,0.01829924650161464,0.09580193756727665,0.09041980624327234,0.02691065662002153,0.24219590958019377,0.02583423035522067,0.1411637931034483,0.004310344827586207,0.015086206896551725,0.03556034482758621,0.02586206896551724,0.08297413793103449,0.02586206896551724,0.0334051724137931,0.05064655172413793,0.07758620689655173,0.01293103448275862,0.014008620689655173,0.03879310344827586,0.008620689655172414,0.007543103448275862,0.057112068965517244,0.029094827586206896,0.01939655172413793,0.010775862068965518,0.06788793103448276,0.01939655172413793,0.016163793103448277,0.016163793103448277,0.004310344827586207,0.1853448275862069,0.4146489104116223,0.00423728813559322,0.04782082324455206,0.07384987893462469,0.05811138014527845,0.12953995157384987,0.03450363196125908,0.04600484261501211,0.04055690072639225,0.059322033898305086,0.007869249394673124,0.00847457627118644,0.0,0.0,0.0006053268765133172,0.02360774818401937,0.015738498789346248,0.0018159806295399517,0.00423728813559322,0.018159806295399514,0.003026634382566586,0.002421307506053269,0.0,0.0,0.005447941888619854
albeniz,alb_esp6.mid,68.42511752854264,8.643133767291614,0.34497806005708564,0.2391569486183438,9.767648758814234,-0.012768817204301076,11.713388322324386,2,35.0,95.0,60.0,69.0,0.28985499999998865,3.2399942477860635,0.15983881799865685,0.9529885829415715,0.020147750167897917,0.08462055070517126,0.04969778374748153,0.09335124244459368,0.11484217595701814,0.03089321692411014,0.11014103425117529,0.03492276695768973,0.09603760913364674,0.08327736736064473,0.0241773002014775,0.25789120214909333,0.10685483870967742,0.0,0.027553763440860215,0.04435483870967742,0.03293010752688172,0.02217741935483871,0.04099462365591398,0.05981182795698925,0.0913978494623656,0.08333333333333333,0.041666666666666664,0.0228494623655914,0.010752688172043012,0.012768817204301076,0.031586021505376344,0.034274193548387094,0.03696236559139785,0.02889784946236559,0.006720430107526882,0.038306451612903226,0.01478494623655914,0.020161290322580645,0.020833333333333332,0.006048387096774193,0.1639784946236559,0.340630472854641,0.0148861646234676,0.047723292469352016,0.08887915936952714,0.05122591943957969,0.063922942206655,0.04159369527145359,0.06567425569176882,0.09106830122591944,0.0766199649737303,0.020577933450087564,0.0,0.0,0.0035026269702276708,0.0070052539404553416,0.0223292469352014,0.0148861646234676,0.010945709281961471,0.005253940455341506,0.005253940455341506,0.014448336252189142,0.0021891418563922942,0.0013134851138353765,0.0,0.010070052539404553
albeniz,alb_se1.mid,69.72219348163476,11.177628465677742,0.501572718110881,0.3935166424714175,8.063178306838743,0.0,12.312822181048169,2,36.0,89.0,53.0,72.0,0.456065499999994,3.0488422880198467,0.15519917227108126,0.9937920331091568,0.2752198654940507,0.05794102431453699,0.0387997930677703,0.022762545266425245,0.06673564407656493,0.1784790481117434,0.012933264355923435,0.061045007759958615,0.05794102431453699,0.1464045525090533,0.07811691670977755,0.0036213140196585617,0.15993788819875776,0.0015527950310559005,0.007763975155279503,0.023809523809523808,0.021739130434782608,0.017080745341614908,0.023809523809523808,0.042443064182194616,0.08333333333333333,0.038302277432712216,0.060041407867494824,0.020186335403726708,0.011904761904761904,0.008281573498964804,0.048654244306418216,0.037267080745341616,0.048654244306418216,0.038302277432712216,0.013975155279503106,0.031055900621118012,0.039337474120082816,0.031055900621118012,0.010351966873706004,0.006211180124223602,0.17494824016563146,0.5223972182450399,0.0034771937001431786,0.03149928410717938,0.03722642667212109,0.03845367150746574,0.03559010022499488,0.019840458171405194,0.0255676007363469,0.05011249744323993,0.02352219267743915,0.011045203518101862,0.00040908161178155044,0.0,0.0,0.01452239721824504,0.019022294947842095,0.028635712824708528,0.0214767846185314,0.009204336265084885,0.00899979545919411,0.03211290652485171,0.022090407036203723,0.007772550623849458,0.0010227040294538761,0.03599918183677644
albeniz,alb_se2.mid,62.824625170377104,11.107060377925194,0.44267296192261124,0.41666961307754763,9.248094271381323,0.0036363636363636364,10.931355461762505,2,31.0,91.0,60.0,62.0,0.3693367499999738,3.2071564266831443,0.149931849159473,0.9890958655156747,0.10722398909586552,0.03771013175829169,0.22716946842344388,0.07996365288505225,0.009086778736937756,0.06497046796910495,0.04679691049522944,0.16946842344388915,0.028169014084507043,0.07542026351658337,0.1258518855065879,0.028169014084507043,0.14954545454545454,0.005454545454545455,0.013181818181818182,0.025454545454545455,0.025,0.04045454545454545,0.031363636363636364,0.05909090909090909,0.06409090909090909,0.07681818181818181,0.041363636363636366,0.02590909090909091,0.02181818181818182,0.038181818181818185,0.021363636363636362,0.03909090909090909,0.022272727272727274,0.023636363636363636,0.011818181818181818,0.03090909090909091,0.02090909090909091,0.01681818181818182,0.005,0.014090909090909091,0.17636363636363636,0.4491375497567448,0.022998673153471916,0.03560371517027864,0.06103494029190624,0.05683325961963733,0.062361786819991154,0.04467049977885891,0.04467049977885891,0.04599734630694383,0.06302521008403361,0.015701017249004866,0.0006634232640424591,0.0,0.00022114108801415304,0.0026536930561698365,0.013710747456877488,0.014816452896948253,0.017912428129146396,0.005307386112339673,0.011941618752764263,0.009951348960636886,0.005749668288367979,0.0024325519681556835,0.0004422821760283061,0.012162759840778416
albeniz,alb_se3.mid,65.16005519144532,13.858344779891555,0.32842034095090267,0.31348551108826084,11.642179408003507,-0.013802622498274672,15.594006297291454,2,31.0,99.0,68.0,65.0,0.18434300000001258,3.1986973385354256,0.20834770610555364,0.9734391169368748,0.08106243532252501,0.011728182131769576,0.24629182476716108,0.06588478785788203,0.03380476026215937,0.0776129699896516,0.04932735426008968,0.19661952397378407,0.030700241462573302,0.07140393239047947,0.05070714039323905,0.08485684718868576,0.2349896480331263,0.0024154589371980675,0.006556245686680469,0.035196687370600416,0.01828847481021394,0.017598343685300208,0.038302277432712216,0.05762594893029676,0.051759834368530024,0.04071773636991028,0.027950310559006212,0.017943409247757072,0.03450655624568668,0.006901311249137336,0.03657694962042788,0.01725327812284334,0.014492753623188406,0.01828847481021394,0.00966183574879227,0.035886818495514144,0.011387163561076604,0.030710835058661144,0.013457556935817806,0.003450655624568668,0.2180814354727398,0.5455278001611603,0.008541498791297342,0.020950846091861403,0.056889605157131345,0.02771958098307816,0.06800966962127317,0.023529411764705882,0.05092667203867848,0.03416599516518937,0.029492344883158744,0.007252215954875101,0.00048348106365834006,0.0,0.0,0.0022562449637389204,0.01305398871877518,0.0128928283642224,0.02562449637389202,0.0059629331184528605,0.020145044319097503,0.009669621273166801,0.020950846091861403,0.00692989524576954,0.0,0.009024979854955682
albeniz,alb_se4.mid,64.61022044088176,9.618805465788379,0.3402995394100706,0.34303354588449597,9.099670603921783,0.0,12.971764207950539,2,37.0,97.0,60.0,64.0,0.2992537499999983,3.2427462181182176,0.20991983967935868,0.9884769539078156,0.08316633266533066,0.12775551102204408,0.014028056112224449,0.09869739478957916,0.06212424849699399,0.08867735470941884,0.08316633266533066,0.02905811623246493,0.26753507014028055,0.048597194388777555,0.041082164328657314,0.056112224448897796,0.18446115288220552,0.002506265664160401,0.010025062656641603,0.019548872180451128,0.02205513784461153,0.021052631578947368,0.02957393483709273,0.03258145363408521,0.0786967418546366,0.04110275689223058,0.029072681704260653,0.015538847117794486,0.01904761904761905,0.0481203007518797,0.028070175438596492,0.022556390977443608,0.04711779448621554,0.03558897243107769,0.03107769423558897,0.02556390977443609,0.018546365914786967,0.01904761904761905,0.009022556390977444,0.011027568922305764,0.19899749373433584,0.4017400204708291,0.0127942681678608,0.035312180143295804,0.05040941658137155,0.04605936540429888,0.04785056294779939,0.039662231320368474,0.03480040941658137,0.06601842374616172,0.03582395087001024,0.031985670419651994,0.013817809621289662,0.0,0.017656090071647902,0.02226202661207779,0.017656090071647902,0.022773797338792222,0.015097236438075742,0.01458546571136131,0.004350051177072671,0.008188331627430911,0.006908904810644831,0.007676560900716479,0.00255885363357216,0.044012282497441144
albeniz,alb_se5.mid,64.21671117893933,10.200749350618345,0.2001631926586532,0.46830465268332033,8.64681220793367,-0.00916030534351145,12.532549684122111,2,31.0,99.0,68.0,62.0,0.0568181250000066,2.51483928704748,0.07287294925600918,0.6394505913773368,0.06371613887829072,0.024036627241510875,0.481495612361694,0.12094620373903091,0.00038153376573826786,0.03128576879053796,0.04158718046547119,0.06791301030141167,0.0049599389545974815,0.08813429988553988,0.07363601678748569,0.0019076688286913392,0.20076335877862594,0.015648854961832062,0.0061068702290076335,0.01183206106870229,0.010305343511450382,0.0183206106870229,0.00916030534351145,0.03206106870229008,0.04007633587786259,0.046564885496183206,0.030534351145038167,0.028244274809160305,0.09312977099236641,0.02480916030534351,0.04465648854961832,0.01717557251908397,0.04083969465648855,0.04770992366412214,0.0061068702290076335,0.031297709923664124,0.008778625954198474,0.013740458015267175,0.0015267175572519084,0.003816793893129771,0.216793893129771,0.35520974289580515,0.008795669824086604,0.008795669824086604,0.03112313937753721,0.02774018944519621,0.04871447902571042,0.014884979702300407,0.03721244925575101,0.028416779431664412,0.07036535859269283,0.0027063599458728013,0.0006765899864682003,0.0,0.0006765899864682003,0.0033829499323410014,0.03585926928281461,0.02368064952638701,0.01962110960757781,0.0013531799729364006,0.02029769959404601,0.011502029769959404,0.013531799729364006,0.0,0.0,0.2354533152909337
albeniz,alb_se6.mid,70.43307086614173,11.41499949209052,0.20274769043635132,0.1700957206824495,13.240436292750855,-0.015122873345935728,12.867303881112667,2,28.0,101.0,73.0,72.0,0.1442307499999984,3.3229574423749915,0.17291338582677163,0.9496062992125984,0.13070866141732285,0.05826771653543307,0.10204724409448819,0.01858267716535433,0.1325984251968504,0.16661417322834646,0.01984251968503937,0.1074015748031496,0.047244094488188976,0.12440944881889764,0.06330708661417322,0.028976377952755906,0.13862633900441085,0.0,0.01638311279143037,0.03969754253308128,0.04095778197857593,0.054820415879017016,0.0258349086326402,0.05954631379962193,0.050724637681159424,0.06805293005671077,0.04001260239445495,0.01575299306868305,0.011027095148078135,0.008506616257088847,0.026780088216761186,0.03497164461247637,0.036862003780718335,0.03938248267170762,0.029930686830497794,0.02551984877126654,0.01575299306868305,0.014177693761814745,0.03560176433522369,0.016698172652804034,0.1543793320730939,0.39275825346112886,0.010862619808306708,0.03599574014909478,0.06283280085197018,0.058146964856230034,0.0871139510117146,0.03514376996805112,0.07305644302449414,0.06261980830670927,0.06219382321618743,0.024494142705005325,0.0,0.0,0.0,0.0034078807241746537,0.016613418530351438,0.016400425985090523,0.015548455804046858,0.010862619808306708,0.010862619808306708,0.008945686900958467,0.002129925452609159,0.004259850905218318,0.0,0.005750798722044728
albeniz,alb_se7.mid,68.40888485947416,11.798612059697817,0.1559442750396647,0.12459731466906307,14.483025652776904,0.004081632653061225,13.174719198930212,2,28.0,102.0,74.0,67.0,0.09250125000000153,3.4282705423170388,0.243427017225748,0.8744333635539437,0.03218495013599275,0.17769718948322757,0.05122393472348141,0.08114233907524931,0.05757026291931097,0.08703535811423391,0.14369900271985495,0.048504079782411606,0.07071622846781506,0.053943789664551225,0.10244786944696282,0.09383499546690843,0.17324263038548754,0.0022675736961451248,0.015419501133786848,0.02947845804988662,0.014965986394557823,0.02947845804988662,0.045351473922902494,0.053061224489795916,0.06712018140589569,0.04625850340136054,0.06802721088435375,0.0072562358276643995,0.03310657596371882,0.004988662131519274,0.03764172335600907,0.023582766439909298,0.031746031746031744,0.029931972789115645,0.018140589569160998,0.01904761904761905,0.014965986394557823,0.023582766439909298,0.014058956916099773,0.004081632653061225,0.19319727891156463,0.40802213001383125,0.003457814661134163,0.025242047026279392,0.06258644536652835,0.04633471645919779,0.04149377593360996,0.04322268326417704,0.045988934993084374,0.06673582295988935,0.04806362378976487,0.03423236514522822,0.0013831258644536654,0.0,0.0006915629322268327,0.008990318118948824,0.02247579529737206,0.02247579529737206,0.024204702627939143,0.015214384508990318,0.010027662517289074,0.018326417704011066,0.010719225449515906,0.0031120331950207467,0.0,0.03699861687413555
albeniz,alb_se8.mid,63.89447236180904,11.618116929379381,0.39744913725826136,0.34139451366651286,8.093301815238592,-0.008683729433272395,13.670997654817848,2,34.0,99.0,65.0,63.0,0.25564549999999997,3.136415651169643,0.11649154865235267,0.9602558245774326,0.06715395157606213,0.034262220191868434,0.0708085883965281,0.17770671539515762,0.024211968935587025,0.07948835084513477,0.005025125628140704,0.13841936957514847,0.13339424394700777,0.020100502512562814,0.2165372316126085,0.0328917313841937,0.27010968921389394,0.0,0.007312614259597806,0.03153564899451554,0.012340036563071298,0.018738574040219377,0.018281535648994516,0.016453382084095063,0.027879341864716637,0.026508226691042046,0.027879341864716637,0.015539305301645339,0.01736745886654479,0.04524680073126142,0.051188299817184646,0.026051188299817184,0.04113345521023766,0.037477148080438755,0.02056672760511883,0.02102376599634369,0.022851919561243144,0.005941499085923218,0.007769652650822669,0.018281535648994516,0.21252285191956125,0.5236555980017632,0.00910960916838084,0.023508668821627974,0.041140170437848955,0.030855127828386716,0.03937702027622686,0.03702615339406406,0.022920952101087275,0.03349985307081987,0.01910079341757273,0.011166617690273288,0.0,0.0,0.002057008521892448,0.014105201292976785,0.004995592124595945,0.02938583602703497,0.034381428151630915,0.014692918013517485,0.0014692918013517484,0.014986776373787834,0.027034969144872172,0.01939465177784308,0.005289450484866294,0.040846312077578606
beeth,appass_1.mid,61.887564685588835,15.773886352155209,0.23138714888335635,0.29641343240817447,11.409930943141461,-0.00486198243412798,15.335974148594095,2,29.0,96.0,67.0,63.0,0.1490513749999991,3.355431115901152,0.2073075113689823,0.8491453661596362,0.1781401913125294,0.10302650148972871,0.02007213423239768,0.08326799435471224,0.09032460404578956,0.11321938215461816,0.034655794260624116,0.09565626470127019,0.13564371961737495,0.026815116826093773,0.08373843500078407,0.03543986200407715,0.1725219573400251,0.001097867001254705,0.00219573400250941,0.022741530740276034,0.015997490589711418,0.014899623588456713,0.020075282308657464,0.034190715181932244,0.050188205771643665,0.08735884567126725,0.03544542032622334,0.026191969887076536,0.06053952321204517,0.01584065244667503,0.02038895859473024,0.08641781681304893,0.04642409033877039,0.03466122961104141,0.01866373902132999,0.02038895859473024,0.01944792973651192,0.023212045169385194,0.003136762860727729,0.0018820577164366374,0.16609159347553326,0.5702506238472388,0.0088966041011175,0.009547575132906586,0.0511012259954432,0.03244005641748942,0.026364326787457957,0.02799175436693067,0.0380818053596615,0.026906802647282197,0.057610936313334055,0.004665292394488445,0.0014104372355430183,0.0,0.00032548551589454267,0.0033633503309102746,0.03276554193338396,0.013236410979711403,0.019312140609742866,0.0077031572095041774,0.009547575132906586,0.012802430291852013,0.009547575132906586,0.0013019420635781707,0.0,0.03482695020071607
beeth,appass_2.mid,61.83897021706209,13.352209176900526,0.6045053621571598,0.5863465167525815,5.355739624732474,0.007070707070707071,10.407065903133901,2,30.0,94.0,64.0,61.0,0.30737699999997403,2.831795840501709,0.030287733467945444,0.9066128218071681,0.09035840484603735,0.19737506309944472,0.0,0.12468450277637556,0.008076728924785462,0.13175164058556285,0.13276123170116103,0.011610297829379102,0.24734982332155478,0.008076728924785462,0.04543160020191822,0.002523977788995457,0.10555555555555556,0.00202020202020202,0.010101010101010102,0.023737373737373738,0.03232323232323232,0.046464646464646465,0.0297979797979798,0.0803030303030303,0.07373737373737374,0.11161616161616161,0.07373737373737374,0.031818181818181815,0.00202020202020202,0.0297979797979798,0.03484848484848485,0.046464646464646465,0.010606060606060607,0.020202020202020204,0.006060606060606061,0.029292929292929294,0.017676767676767676,0.012121212121212121,0.007575757575757576,0.00101010101010101,0.16111111111111112,0.44589937973811167,0.009648518263266712,0.03583735354927636,0.0737422467263956,0.05823569951757409,0.07580978635423846,0.037560303239145415,0.06443831840110269,0.060992419021364576,0.06271536871123363,0.01791867677463818,0.0,0.0,0.0,0.00585802894555479,0.013439007580978636,0.0031013094417643005,0.005168849069607168,0.002067539627842867,0.004479669193659545,0.0017229496898690559,0.0027567195037904893,0.002067539627842867,0.0006891798759476223,0.015851137146795313
beeth,appass_3.mid,63.28699986155337,14.231779519384927,0.15828390845562768,0.16759095357840315,15.533240700100835,-0.005123234561063417,15.753882873566845,2,29.0,96.0,67.0,63.0,0.10600699999999108,3.2540143355074296,0.17070469334071714,0.8619687110618857,0.22109926623286724,0.07642253911117264,0.017859615118371867,0.055378651529835246,0.05620933130278278,0.16405925515713693,0.04181088190502561,0.09289768794129863,0.1187872075314966,0.027689325764917623,0.10065069915547556,0.027135539249619273,0.2352533924120742,0.0034616449736914984,0.006646358349487676,0.0335087233453337,0.02367765162004985,0.011908058709498754,0.005677097756854057,0.01786208806424813,0.01924674605372473,0.06147881473276101,0.0383550263085018,0.025616172805317087,0.0012461921905289393,0.02326225422320687,0.03129327056217114,0.0850180005538632,0.03918582110218776,0.03960121849903074,0.01606203267792855,0.025754638604264746,0.01883134865688175,0.01772362226530047,0.014815840487399612,0.008031016338964275,0.19648296870672943,0.5638659028219818,0.014215998302567368,0.01633778909399533,0.05548482919584129,0.039253129641417354,0.030872056015276893,0.015701251856566942,0.034054742202418845,0.02631020581370677,0.0426479949077021,0.018671758964566094,0.004031402503713134,0.0,0.003394865266284744,0.006895820072140887,0.031932951410990874,0.016656057712709525,0.010290685338425632,0.008911521323997454,0.007214088690855082,0.005941014215998302,0.006895820072140887,0.008805431784426056,0.0,0.03161468279227668
beeth,beethoven_hammerklavier_1.mid,68.47406513872136,15.275653437344534,0.2060417198876667,0.2016260194081988,13.997715909690806,0.0,18.8129127102184,2,29.0,101.0,72.0,70.0,0.13781551666664882,3.4319449913519215,0.23136308805790107,0.9655006031363088,0.10024125452352231,0.032689987937273825,0.15271411338962607,0.08069963811821472,0.04197828709288299,0.11930036188178528,0.06043425814234017,0.11387213510253318,0.032448733413751506,0.07430639324487334,0.12750301568154404,0.0638118214716526,0.23887079261672095,0.0015683435878875618,0.007841717939437809,0.03450355893352636,0.023766437447219207,0.01918204849800941,0.014597659548799614,0.026782482808541442,0.03462420074797925,0.05851128000965135,0.021715526601520086,0.02340451200386054,0.01351188321872361,0.014597659548799614,0.012305465074194716,0.048739293038967305,0.0306430208710339,0.029315960912052116,0.013873808662082278,0.018578839425744963,0.0193026903124623,0.028350826396429003,0.01532151043551695,0.004825672578115575,0.24526480878272408,0.5650844395023976,0.0025019111821530334,0.010216137327124886,0.038571130724859265,0.026617555076794773,0.026895545208145112,0.016192925151157132,0.028980471193272638,0.029605948988810898,0.04301897282646466,0.010077142261449719,0.004517339634442977,0.0,0.003683369240391966,0.012718048509277921,0.04072555424282438,0.025297101952880673,0.022100215442351797,0.010772117589825561,0.011328097852526236,0.013482521370491347,0.024880116755855167,0.004517339634442977,0.0004864827298630899,0.027729515602196123
beeth,beethoven_hammerklavier_2.mid,63.411764705882355,15.65826526907226,0.18957018084923152,0.15882888927185723,13.891630551289488,0.0042417815482502655,17.958181156465557,2,29.0,101.0,72.0,65.0,0.1310042499999966,3.283116467227559,0.24854266030736616,0.9501854795972443,0.10916799152093269,0.10386857445680975,0.0789613142554319,0.06306306306306306,0.01483836777954425,0.20932697403285638,0.015368309485956544,0.06995230524642289,0.03179650238473768,0.06571277159512454,0.15527291997880233,0.08267090620031796,0.2672322375397667,0.0005302226935312832,0.005302226935312832,0.05090137857900318,0.03234358430540827,0.02332979851537646,0.012725344644750796,0.032873806998939555,0.032873806998939555,0.07104984093319194,0.0010604453870625664,0.0010604453870625664,0.011134676564156946,0.006362672322375398,0.019088016967126194,0.039766702014846236,0.03128313891834571,0.015906680805938492,0.002651113467656416,0.020678685047720042,0.03711558854718982,0.027571580063626724,0.005832449628844115,0.003711558854718982,0.24761399787910923,0.6826029216467463,0.00033200531208499334,0.008300132802124834,0.05245683930942895,0.03154050464807437,0.029216467463479414,0.012616201859229747,0.02390438247011952,0.024236387782204515,0.0451527224435591,0.00298804780876494,0.0,0.0,0.0,0.0023240371845949536,0.01693227091633466,0.012616201859229747,0.0073041168658698535,0.00298804780876494,0.005312084993359893,0.005644090305444887,0.005312084993359893,0.0006640106241699867,0.0,0.02755644090305445
beeth,beethoven_hammerklavier_3.mid,63.445086705202314,14.188911582301255,0.605943371156069,0.5308181412763489,6.826372465442688,0.0030834457506263247,16.13704766419227,2,26.0,97.0,71.0,63.0,0.39473674999999275,3.414555590821538,0.24547206165703273,0.9832369942196532,0.02928709055876686,0.16473988439306358,0.09036608863198459,0.04393063583815029,0.04932562620423892,0.061078998073217726,0.15433526011560694,0.0605009633911368,0.08342967244701349,0.10346820809248555,0.05067437379576108,0.10886319845857419,0.2565041433802274,0.0017344382347273077,0.006552322220080941,0.023703989207939872,0.01850067450375795,0.02177683561379842,0.014260936596646753,0.031027172865677393,0.04047022547697052,0.078242435922143,0.02832915783387936,0.015417228753131625,0.010599344767777992,0.014839082674889188,0.011177490846020427,0.057814607824243594,0.01965696666024282,0.02505299672383889,0.016766236269030642,0.022933127770283293,0.019078820582000385,0.024089419926768163,0.008479475814222393,0.005010599344767778,0.2279822701869339,0.5992420236206593,0.0037017451084082496,0.010664551383747577,0.03736999823726424,0.02555966860567601,0.03296315882249251,0.026441036488630356,0.027586814736471003,0.028556319407720784,0.048298959985898116,0.005728891239203244,0.0005288207297726071,0.0,0.00026441036488630354,0.002555966860567601,0.0298783712321523,0.012162876784769964,0.011281508901815618,0.015864621893178214,0.011281508901815618,0.00916622598272519,0.01286797109113344,0.0028203772254539045,0.0009695046712497797,0.04424466772430813
beeth,beethoven_hammerklavier_4.mid,62.273476523476525,14.255863921402756,0.2068933478001157,0.3924543514477143,12.476364338579524,0.0,18.096724703261568,2,24.0,94.0,70.0,63.0,0.11538450000000466,3.546519046206119,0.31193806193806195,0.964035964035964,0.09777722277722278,0.06668331668331669,0.09627872127872128,0.08841158841158842,0.0678071928071928,0.10014985014985014,0.06518481518481518,0.09453046953046954,0.0531968031968032,0.09540459540459541,0.11550949050949051,0.059065934065934064,0.2427875608842263,0.004620956662919945,0.0068689896340701885,0.0258523791682278,0.02085675034344948,0.01173972773822905,0.008617459722742601,0.015861121518671164,0.018733608092918696,0.024728362682652678,0.07156238291494942,0.05295366554265018,0.003247158736105907,0.0603222180591982,0.06294492319220682,0.015611340077432246,0.013737979268140377,0.017110028724865743,0.008492569002123142,0.022355438990882978,0.012738853503184714,0.016860247283626825,0.013987760709379293,0.005120519545397777,0.24228799800174847,0.580607181902279,0.012194096375409974,0.022622151206795053,0.03885291396854764,0.025986039862080566,0.034227567067530065,0.013203262971995627,0.02766798418972332,0.019594651417038096,0.02312673450508788,0.036077705827937095,0.019342359767891684,0.0,0.0209402068791523,0.023294928937852157,0.011437221427970734,0.008577916070978051,0.013539651837524178,0.006223194012278194,0.009839374316710116,0.011437221427970734,0.01009166596585653,0.0037002775208140612,0.00042048608191068876,0.026995206458666217
beeth,beethoven_les_adieux_1.mid,63.98004836759371,13.135314317616075,0.3150924763817515,0.34387250805233377,9.673919284159755,-0.005140610825521621,14.375319379416958,2,29.0,96.0,67.0,65.0,0.14835172499999771,3.2094178106038154,0.12454655380894797,0.944074969770254,0.11729141475211609,0.015417170495767836,0.08615477629987908,0.13422007255139057,0.012394195888754534,0.14933494558645707,0.023881499395405077,0.10580411124546554,0.0761789600967352,0.039600967351874246,0.20646916565900847,0.03325272067714631,0.19020260054429997,0.004838221953432114,0.017236165709101903,0.022679165406713032,0.025400665255518595,0.03477472029029332,0.009978832778953735,0.026610220743876624,0.0341699425461143,0.05412760810402177,0.03749622013909888,0.0426368309646205,0.013305110371938312,0.025703054127608104,0.043543997580889025,0.04142727547626247,0.02419110976716057,0.026610220743876624,0.01572422134865437,0.042032053220441484,0.028424553976413667,0.02812216510432416,0.01965527668581796,0.002721499848805564,0.18838826731176292,0.5626838235294118,0.007720588235294118,0.022426470588235294,0.042279411764705885,0.03805147058823529,0.04209558823529412,0.022058823529411766,0.0375,0.026470588235294117,0.04926470588235294,0.009191176470588236,0.0001838235294117647,0.0,0.0003676470588235294,0.002573529411764706,0.02297794117647059,0.015073529411764706,0.009375,0.006617647058823529,0.019669117647058823,0.01011029411764706,0.02150735294117647,0.006066176470588235,0.0,0.025735294117647058
beeth,beethoven_les_adieux_2.mid,64.73617511520737,11.174804202523031,0.6213202775489628,0.7771318978615991,5.001650552965746,-0.002306805074971165,12.188068521570328,2,28.0,92.0,64.0,64.0,0.2639153718750009,3.4356006733343136,0.2430875576036866,0.8767281105990783,0.15668202764976957,0.04032258064516129,0.11059907834101383,0.044930875576036866,0.06221198156682028,0.10483870967741936,0.05414746543778802,0.15207373271889402,0.0576036866359447,0.0944700460829493,0.07603686635944701,0.04608294930875576,0.16262975778546712,0.002306805074971165,0.00922722029988466,0.010380622837370242,0.014994232987312572,0.03229527104959631,0.02191464821222607,0.04152249134948097,0.04267589388696655,0.11995386389850057,0.04152249134948097,0.04152249134948097,0.02422145328719723,0.0265282583621684,0.012687427912341407,0.0784313725490196,0.0196078431372549,0.02883506343713956,0.008073817762399077,0.029988465974625143,0.02883506343713956,0.0196078431372549,0.011534025374855825,0.00922722029988466,0.16147635524798154,0.5568685376661743,0.012555391432791729,0.0206794682422452,0.05243722304283604,0.024372230428360415,0.05391432791728213,0.04579025110782865,0.03766617429837518,0.0361890694239291,0.07016248153618906,0.004431314623338257,0.005908419497784343,0.0,0.0,0.0,0.011816838995568686,0.0066469719350073855,0.0007385524372230429,0.007385524372230428,0.003692762186115214,0.0066469719350073855,0.016986706056129987,0.0007385524372230429,0.0007385524372230429,0.023633677991137372
beeth,beethoven_les_adieux_3.mid,66.12961920840368,13.327536489312026,0.13811251680618117,0.1257001473290642,17.734452446382132,-0.009943714821763603,15.39254024255851,2,29.0,101.0,72.0,65.0,0.0911855000000017,3.2224213724674073,0.13262052147814674,0.8670043143875446,0.09135246670418308,0.024385668730069407,0.0921027949728006,0.14800225098480585,0.014068655036578503,0.13580941661977114,0.04089289063965485,0.13956105796285875,0.06415306696679797,0.036390921027949726,0.1963984243106359,0.016882386043894203,0.20787992495309568,0.001876172607879925,0.012195121951219513,0.016885553470919325,0.024390243902439025,0.026078799249530958,0.00975609756097561,0.05590994371482176,0.04277673545966229,0.06078799249530957,0.06679174484052533,0.017636022514071294,0.008818011257035647,0.022701688555347092,0.048405253283302065,0.03808630393996248,0.03170731707317073,0.027579737335834898,0.006566604127579738,0.024390243902439025,0.024202626641651032,0.01651031894934334,0.009943714821763603,0.0031894934333958724,0.1949343339587242,0.5338366136424912,0.0018873011593421407,0.015368023726071718,0.03329738473982206,0.04246427608519816,0.04165543273119439,0.01401995146939876,0.04974386627123214,0.0350498786734969,0.04421677001887301,0.008492855217039633,0.00013480722566729578,0.0,0.0,0.014154758695066055,0.0319493124831491,0.02803990293879752,0.020355891075761662,0.00444863844702076,0.027231059584793747,0.015772445403073605,0.009706120248045295,0.008762469668374224,0.0024265300620113237,0.016985710434079267
beeth,beethoven_opus10_1.mid,61.061586638830896,11.709753905280982,0.32065493247796356,0.3045454340682083,7.343790411702669,-0.010093978419770276,13.712308175543896,2,31.0,90.0,59.0,60.0,0.1711154999999991,3.2545254957816434,0.13674321503131526,0.8653444676409185,0.15309672929714682,0.018093249826026444,0.08733472512178149,0.15414057063326375,0.022616562282533056,0.12143354210160055,0.019832985386221295,0.16353514265831592,0.07376478775226165,0.024704244954766877,0.10995128740431455,0.05149617258176757,0.20361990950226244,0.0,0.004872955099199443,0.018795683954054995,0.018795683954054995,0.021580229725026105,0.021232161503654718,0.055690915419422206,0.03237034458753916,0.07379046293073442,0.027845457709711103,0.016011138183083886,0.016359206404455272,0.013574660633484163,0.022276366167768884,0.05917159763313609,0.0403759136790811,0.04385659589279499,0.02262443438914027,0.03828750435085277,0.02610511660285416,0.021928297946397494,0.006961364427427776,0.004872955099199443,0.18900104420466413,0.5363716038562665,0.006134969325153374,0.019573473561203623,0.06310254163014899,0.034764826175869123,0.03067484662576687,0.04119193689745837,0.04820333041191937,0.029506281040023372,0.06134969325153374,0.009056383289512124,0.0,0.0,0.002044989775051125,0.004674262342973999,0.032135553607946246,0.014899211218229623,0.0081799591002045,0.014022787028921999,0.007887817703768623,0.00292141396435875,0.012269938650306749,0.001460706982179375,0.0,0.019573473561203623
beeth,beethoven_opus10_2.mid,63.698638613861384,11.393616769802415,0.7504240481023104,0.6937920354667194,4.158246824312719,-0.022291021671826627,11.747529811442247,2,29.0,89.0,60.0,63.0,0.7796175750000032,3.137685089733412,0.1089108910891089,0.9306930693069307,0.1280940594059406,0.0891089108910891,0.03341584158415842,0.2332920792079208,0.014232673267326733,0.06806930693069307,0.006806930693069307,0.09158415841584158,0.15099009900990099,0.025371287128712873,0.12995049504950495,0.029084158415841586,0.1628482972136223,0.0037151702786377707,0.005572755417956657,0.022291021671826627,0.029721362229102165,0.03591331269349845,0.01609907120743034,0.023529411764705882,0.042105263157894736,0.0693498452012384,0.08235294117647059,0.03900928792569659,0.011764705882352941,0.04891640866873065,0.03777089783281734,0.04953560371517028,0.025386996904024767,0.022291021671826627,0.013622291021671827,0.03219814241486068,0.01671826625386997,0.02043343653250774,0.01238390092879257,0.0037151702786377707,0.17275541795665636,0.5423246999368289,0.011686670878079595,0.027163613392293114,0.05464308275426406,0.04485154769425142,0.060644346178142766,0.02874289324068225,0.025900189513581806,0.03316487681617183,0.03790271636133923,0.01958307012002527,0.003158559696778269,0.0,0.0066329753632343655,0.008843967150979154,0.017056222362602652,0.0082122552116235,0.014845230574857865,0.005685407454200884,0.009475679090334808,0.007896399241945672,0.010423246999368288,0.008528111181301326,0.0012634238787113076,0.011370814908401769
beeth,beethoven_opus10_3.mid,61.90777576853526,12.982468117282876,0.19196446635699194,0.31503849902837355,12.74324862682711,-0.004341534008683068,14.492649315779232,2,29.0,89.0,60.0,62.0,0.0800000000000125,3.2705020749280216,0.15913200723327303,0.8867992766726944,0.16600361663652802,0.012658227848101266,0.09294755877034358,0.14213381555153706,0.03363471971066908,0.10452079566003616,0.020253164556962026,0.14900542495479205,0.1077757685352622,0.015913200723327307,0.07848101265822785,0.07667269439421338,0.24746743849493488,0.006150506512301013,0.005788712011577424,0.008683068017366137,0.010130246020260492,0.015918958031837915,0.01808972503617945,0.030752532561505064,0.04160636758321273,0.10166425470332852,0.04956584659913169,0.03798842257597684,0.014833574529667149,0.020984081041968163,0.027134587554269174,0.049204052098408106,0.020984081041968163,0.013386396526772794,0.008321273516642547,0.013748191027496382,0.01085383502170767,0.006874095513748191,0.005426917510853835,0.011577424023154847,0.22286541244573083,0.5797217763509899,0.010165864098448368,0.018994114499732477,0.03584804708400214,0.036650615302300696,0.03584804708400214,0.035580524344569285,0.03932584269662921,0.03156768325307651,0.07089352594970573,0.00882825040128411,0.00026752273943285177,0.0,0.0005350454788657035,0.003745318352059925,0.027554842161583736,0.009363295880149813,0.00749063670411985,0.00909577314071696,0.011235955056179775,0.0032102728731942215,0.0032102728731942215,0.0016051364365971107,0.0,0.019261637239165328
beeth,beethoven_opus22_1.mid,60.221429947966854,13.249147403380832,0.18983394589074673,0.23030335889898487,12.984705508682787,-0.004626060138781804,14.968779440438654,2,29.0,89.0,60.0,61.0,0.09523799999999483,3.2611308107403563,0.15224513393717476,0.9269608787820389,0.12353054538446714,0.034303333975717866,0.11408749277317402,0.06031990749662748,0.06822123723260744,0.18751204470996338,0.01888610522258624,0.08479475814222394,0.02139140489497013,0.10965503950664868,0.1599537483137406,0.017344382347273077,0.24730146491904395,0.010601387818041635,0.0038550501156515036,0.017733230531996914,0.02081727062451812,0.008095605242868157,0.011757902852737086,0.016191210485736313,0.040863531225905934,0.09965304548959136,0.01792598303777949,0.03777949113338473,0.001156515034695451,0.05088666152659985,0.018118735543562067,0.03951426368542791,0.01985350809560524,0.018889745566692366,0.006746337702390131,0.016962220508866616,0.02274479568234387,0.0271781033153431,0.019082498072474943,0.007710100231303007,0.21858134155744025,0.6582369942196532,0.005924855491329479,0.01083815028901734,0.030635838150289016,0.034248554913294794,0.02398843930635838,0.013294797687861272,0.029479768786127167,0.03222543352601156,0.047398843930635835,0.005924855491329479,0.013728323699421965,0.0,0.029190751445086704,0.009971098265895954,0.019653179190751446,0.012572254335260116,0.006647398843930636,0.0036127167630057803,0.003323699421965318,0.002745664739884393,0.0037572254335260114,0.000722543352601156,0.0,0.0018786127167630057
beeth,beethoven_opus22_2.mid,59.74121405750799,10.962245244428676,0.46474360443575913,0.42480198148956394,6.822773682735574,-0.0031963470319634705,12.145671713888005,2,31.0,89.0,58.0,58.0,0.4115852999999996,3.228854410970243,0.13372889091738926,0.9643998174349612,0.06754906435417618,0.022364217252396165,0.08534915563669557,0.17845732542218165,0.017800091282519397,0.10588772250114104,0.02875399361022364,0.1401186672752168,0.09904153354632587,0.030123231401186674,0.18986764034687356,0.03468735737106344,0.13789954337899543,0.00228310502283105,0.01141552511415525,0.049315068493150684,0.02009132420091324,0.038356164383561646,0.024200913242009132,0.03515981735159817,0.058447488584474884,0.07579908675799087,0.04657534246575343,0.03287671232876712,0.027853881278538814,0.06575342465753424,0.029223744292237442,0.030593607305936073,0.026940639269406392,0.02511415525114155,0.01780821917808219,0.029223744292237442,0.019634703196347032,0.014155251141552512,0.0136986301369863,0.011872146118721462,0.15570776255707763,0.4865506329113924,0.01608649789029536,0.04061181434599156,0.06882911392405064,0.0379746835443038,0.04720464135021097,0.026635021097046414,0.03850210970464135,0.047995780590717296,0.0535337552742616,0.025052742616033755,0.006856540084388186,0.0,0.0031645569620253164,0.0050105485232067514,0.01529535864978903,0.013185654008438819,0.012921940928270042,0.013185654008438819,0.008966244725738396,0.010812236286919831,0.005537974683544304,0.005274261603375527,0.00026371308016877635,0.010548523206751054
beeth,beethoven_opus22_3.mid,62.44924518479959,10.927504743516815,0.23714675502559418,0.2381885707011974,10.48929661085943,-0.014583333333333334,11.941820589552313,2,33.0,86.0,53.0,63.0,0.12425450000000637,3.2856227158007645,0.14107235814679853,0.92243623112962,0.09005726184279021,0.031233732431025507,0.17595002602811036,0.09578344612181156,0.01665799062988027,0.11087975013014055,0.041644976574700676,0.11816762103071317,0.025507548152004164,0.11712649661634565,0.15096304008328995,0.026028110359187923,0.13489583333333333,0.0,0.004166666666666667,0.04114583333333333,0.040625,0.008333333333333333,0.01875,0.023958333333333335,0.030208333333333334,0.08697916666666666,0.0859375,0.051041666666666666,0.0036458333333333334,0.0734375,0.0703125,0.0265625,0.03125,0.013541666666666667,0.00625,0.06614583333333333,0.016666666666666666,0.027083333333333334,0.0036458333333333334,0.011458333333333333,0.12395833333333334,0.4870862131684249,0.0130956711531466,0.01709712622771917,0.0672971989814478,0.06402328119316116,0.04947253546744271,0.03492178974172426,0.04656238632229902,0.021098581302291742,0.06802473626773373,0.015642051655147326,0.019643506729719897,0.0,0.018552200800291015,0.0007275372862859222,0.014914514368861403,0.009821753364859949,0.005820298290287377,0.010913059294288832,0.004001455074572572,0.012368133866860677,0.008730447435431065,0.0065478355765733,0.0,0.0036376864314296106
beeth,beethoven_opus22_4.mid,63.792404340376926,11.380096218217167,0.22864234512183543,0.23547789092245855,12.38473436994735,-0.01228220508426164,14.05994096639916,2,29.0,89.0,60.0,65.0,0.16281318749999585,3.2339791916628995,0.1470588235294118,0.9463163906339235,0.1202170188463735,0.03826384922901199,0.09537407195888065,0.09137635636778983,0.02655625356938892,0.2264420331239292,0.02655625356938892,0.07053112507138778,0.034266133637921185,0.08395202741290692,0.1650485436893204,0.02141633352370074,0.23050556983718937,0.011139674378748929,0.01342473578977435,0.026563838903170524,0.0242787774921451,0.02456441016852328,0.02085118537560697,0.024850042844901457,0.026278206226792344,0.04198800342759212,0.04912882033704656,0.031705227077977724,0.015138531848043417,0.038560411311053984,0.028563267637817767,0.038560411311053984,0.033419023136246784,0.026563838903170524,0.005998286203941731,0.022279348757497857,0.014852899171665239,0.015424164524421594,0.009425878320479864,0.0011425307055127106,0.22479291630962583,0.5733190271816881,0.01251788268955651,0.01913447782546495,0.04220314735336195,0.04738912732474964,0.04721030042918455,0.02449928469241774,0.040236051502145924,0.037374821173104436,0.038090128755364806,0.02753934191702432,0.008047210300429184,0.0,0.005543633762517883,0.010908440629470672,0.013590844062947067,0.007331902718168813,0.008047210300429184,0.003218884120171674,0.009298998569384835,0.002503576537911302,0.004291845493562232,0.001430615164520744,0.0,0.016273247496423462
beeth,beethoven_opus90_1.mid,64.25712115457652,13.367613801215791,0.3078250878433982,0.3591577558747867,8.988403254356482,-0.0056990881458966565,13.619739643103543,2,28.0,96.0,68.0,64.0,0.0994695000000263,3.383329924486297,0.1940751993923281,0.973034561336878,0.08849221420432966,0.043676414736042536,0.07330041777440183,0.04633497911127991,0.14432206608431447,0.03494113178883403,0.11849601215343715,0.12381314090391189,0.0281048233953665,0.09836688188378276,0.041017850360805165,0.1591340676034941,0.18882978723404256,0.004179331306990881,0.025455927051671733,0.022796352583586626,0.011018237082066869,0.01633738601823708,0.03001519756838906,0.015577507598784195,0.02811550151975684,0.08244680851063829,0.050911854103343465,0.025455927051671733,0.02507598784194529,0.014437689969604863,0.011778115501519757,0.09232522796352584,0.04179331306990881,0.018617021276595744,0.028875379939209727,0.025835866261398176,0.022416413373860182,0.014817629179331307,0.024696048632218845,0.0022796352583586625,0.17591185410334345,0.5477582846003899,0.0034654537578514186,0.019059995668182804,0.0444011262724713,0.017543859649122806,0.02902317522200563,0.037037037037037035,0.024907948884557073,0.027073857483214208,0.05219839722763699,0.023824994585228503,0.008663634394628547,0.0,0.0010829542993285683,0.003248862897985705,0.04786658003032272,0.016677496209659953,0.008013861815031406,0.01949317738791423,0.014294996751137101,0.00649772579597141,0.01602772363006281,0.007147498375568551,0.00021659085986571366,0.024474767164825644
beeth,beethoven_opus90_2.mid,63.76209476309227,11.571538719209821,0.36602087843100645,0.32985700469891505,8.113552825864287,-0.002993265153404839,14.726202961031507,2,30.0,93.0,63.0,63.0,0.2202642499999996,3.2010978285588862,0.11446384039900248,0.9698254364089776,0.026184538653366583,0.0912718204488778,0.022443890274314215,0.08728179551122195,0.14364089775561098,0.020448877805486283,0.1371571072319202,0.014713216957605985,0.11820448877805487,0.09725685785536159,0.030673316708229426,0.21072319201995013,0.21726116238463458,0.0004988775255674732,0.013719131953105512,0.024195559990022448,0.016712397106510353,0.020952856073833875,0.011723621850835619,0.04190571214766775,0.04864055874282863,0.060114741830880516,0.018707907208780246,0.010975305562484411,0.003991020204539786,0.004240458967323522,0.012721376901970565,0.04739336492890995,0.04265402843601896,0.03591918184085807,0.011723621850835619,0.03741581441756049,0.0231978049388875,0.03591918184085807,0.015215764529807932,0.0054876527812422055,0.23871289598403592,0.6267428187468503,0.0016798252981689904,0.024189484293633462,0.040987737275323365,0.02838904753905594,0.033932471023013604,0.016798252981689903,0.023685536704182764,0.022341676465647574,0.032084663195027716,0.007559213841760457,0.0,0.0,0.0,0.003863598185788678,0.027213169830337645,0.020325886107844783,0.013606584915168822,0.0030236855367041827,0.010918864438098438,0.00856710902066185,0.015118427683520914,0.006887283722492861,0.0,0.032084663195027716
beeth,elise.mid,64.06916426512969,12.396314261692867,0.26598435163304424,0.1938503886654257,6.28620525499406,-0.041346153846153845,11.906334049385736,2,33.0,100.0,67.0,67.0,0.21682574999999815,2.999045144905767,0.1344860710854947,0.5830931796349664,0.11623439000960614,0.004803073967339097,0.07204610951008646,0.06147934678194044,0.2689721421709894,0.04803073967339097,0.002881844380403458,0.05763688760806916,0.03266090297790586,0.22094140249759847,0.03266090297790586,0.08165225744476465,0.13653846153846153,0.0,0.0019230769230769232,0.015384615384615385,0.008653846153846154,0.0125,0.010576923076923078,0.032692307692307694,0.01730769230769231,0.04423076923076923,0.058653846153846154,0.08942307692307692,0.06153846153846154,0.06442307692307692,0.025961538461538463,0.05961538461538462,0.06057692307692308,0.06538461538461539,0.009615384615384616,0.05576923076923077,0.025,0.0019230769230769232,0.013461538461538462,0.0038461538461538464,0.125,0.773067331670823,0.0012468827930174563,0.0012468827930174563,0.032418952618453865,0.0199501246882793,0.02369077306733167,0.022443890274314215,0.022443890274314215,0.0199501246882793,0.03366583541147132,0.00997506234413965,0.0,0.0,0.0,0.0,0.018703241895261846,0.011221945137157107,0.0,0.0024937655860349127,0.007481296758104738,0.0,0.0,0.0,0.0,0.0
beeth,mond_1.mid,58.36538461538461,10.760150080141816,1.1871349972628948,1.5438267754841253,3.1603615326386896,-0.010498687664041995,11.459689097200847,3,29.0,87.0,58.0,61.0,0.4402376666666896,3.2040140589963135,0.13374125874125875,0.9938811188811189,0.055944055944055944,0.1652097902097902,0.017482517482517484,0.0743006993006993,0.11713286713286714,0.016608391608391608,0.13986013986013987,0.03496503496503497,0.19405594405594406,0.08216783216783216,0.008741258741258742,0.09353146853146853,0.1942257217847769,0.005249343832020997,0.020122484689413824,0.03587051618547681,0.04374453193350831,0.02537182852143482,0.01837270341207349,0.021872265966754154,0.022747156605424323,0.024496937882764653,0.007874015748031496,0.0026246719160104987,0.01399825021872266,0.008748906386701663,0.04024496937882765,0.15135608048993876,0.07349081364829396,0.08136482939632546,0.03237095363079615,0.02537182852143482,0.010498687664041995,0.007874015748031496,0.0,0.0,0.1321084864391951,0.7220496894409938,0.0015527950310559005,0.009704968944099378,0.020574534161490684,0.042701863354037264,0.041537267080745344,0.010869565217391304,0.032220496894409936,0.020574534161490684,0.018245341614906832,0.011645962732919254,0.00038819875776397513,0.0,0.0,0.0,0.002329192546583851,0.0015527950310559005,0.004658385093167702,0.0015527950310559005,0.0019409937888198758,0.0034937888198757765,0.003105590062111801,0.0015527950310559005,0.0,0.047748447204968944
beeth,mond_2.mid,61.505567928730514,9.970807733583325,0.418145325399035,0.38453811295837176,7.239442742314809,-0.04013377926421405,13.611448194229702,2,32.0,82.0,50.0,61.0,0.28896199999999794,3.005413096808552,0.056792873051224935,0.9799554565701559,0.09020044543429843,0.1915367483296214,0.0022271714922048997,0.12806236080178174,0.0077951002227171495,0.13697104677060135,0.12583518930957685,0.026726057906458798,0.17928730512249444,0.0,0.09131403118040089,0.0200445434298441,0.23634336677814938,0.0,0.042363433667781496,0.055741360089186176,0.057971014492753624,0.04124860646599777,0.03455964325529543,0.07023411371237458,0.04124860646599777,0.054626532887402456,0.010033444816053512,0.0,0.005574136008918618,0.0,0.002229654403567447,0.033444816053511704,0.008918617614269788,0.0,0.004459308807134894,0.014492753623188406,0.0189520624303233,0.011148272017837236,0.012263099219620958,0.0,0.24414715719063546,0.5319148936170213,0.0012894906511927789,0.049000644745325596,0.08833010960670536,0.05415860735009671,0.04577691811734365,0.029658284977433915,0.05544809800128949,0.041908446163765316,0.037395228884590584,0.0051579626047711154,0.0012894906511927789,0.0,0.0,0.0025789813023855577,0.012894906511927788,0.0012894906511927789,0.012250161186331399,0.0025789813023855577,0.007736943907156673,0.009671179883945842,0.0,0.0,0.0,0.009671179883945842
beeth,mond_3.mid,60.87060263077394,13.758395361460018,0.16361880854268696,0.2507370484999522,15.932469066160856,0.0004589261128958238,16.551767007476595,2,29.0,88.0,59.0,61.0,0.09743248958335471,3.1905260304113914,0.16182318751911895,0.9495258488834506,0.04328540838176812,0.17405934536555523,0.01850718874273478,0.13429183236463751,0.09238299174059346,0.01621290914652799,0.061792597124502906,0.04435607219333129,0.24288773325175894,0.05980422147445702,0.039461609054756805,0.07295809115937596,0.23191066238335628,0.007495793177298455,0.0073428178063331805,0.02661771454795778,0.03166590178981184,0.0289123451124369,0.009178522257916476,0.03763194125745755,0.029218295854367447,0.02264035490286064,0.02233440416093009,0.005966039467645709,0.0013767783386874712,0.017592167661006578,0.03197185253174239,0.04971699556371424,0.047116414257304576,0.04558666054765183,0.009178522257916476,0.03411350772525623,0.03411350772525623,0.017745143031971854,0.007495793177298455,0.0030595074193054917,0.24001835704451582,0.6193373901284652,0.004443156572974017,0.012653337196947745,0.043175891046073604,0.03351685501786922,0.027721433400946585,0.013522650439486139,0.02685212015840819,0.02607939727615184,0.01999420457838308,0.007147686660871245,0.0015454457645127017,0.0,0.00038636144112817543,0.006471554138896938,0.036511156186612576,0.02530667439389549,0.02675552979812615,0.006664734859461026,0.012749927557229788,0.014971505843716797,0.01004539746933256,0.00251134936733314,0.0,0.021636240703177823
beeth,pathetique_1.mid,60.876385623110515,14.3038257918623,0.30827321084984866,0.5413484985846714,10.641293631148796,-0.00352763312615488,17.99667235941259,2,29.0,89.0,60.0,63.0,0.1838710750000132,3.361747766296971,0.17819952972791397,0.958011420893517,0.1541820624790057,0.030903594222371517,0.07692307692307693,0.1363789049378569,0.03140745717164931,0.1091703056768559,0.04853879744709439,0.14696002687269064,0.10278804165267047,0.03207927443735304,0.09539805172992946,0.03527040644944575,0.246262388711574,0.004703510834873173,0.005711406013774567,0.0351083487317319,0.012766672266084328,0.011758777087182933,0.03225264572484462,0.030572820426675626,0.03225264572484462,0.09457416428691416,0.030572820426675626,0.026877204770703846,0.0015118427683520914,0.005879388543591466,0.009407021669746347,0.02486141441290106,0.011086846967915337,0.005879388543591466,0.005375440954140769,0.010918864438098438,0.01965395598857719,0.027381152360154544,0.005711406013774567,0.005879388543591466,0.3030404837896859,0.5272785281293204,0.00446665957673083,0.02584281612251409,0.05328086780814634,0.026799957460384983,0.051579283207486976,0.03275550356269276,0.04083803041582474,0.031053918962033394,0.06827608210145698,0.005211102839519303,0.00010634903754121025,0.0,0.0,0.002977773051153887,0.013187280655110071,0.005530149952142933,0.005317451877060513,0.0048920557268956714,0.0036158672764011485,0.004679357651813251,0.00436031053918962,0.0019142826757417846,0.0005317451877060512,0.08550462618313304
beeth,pathetique_2.mid,56.96282754418038,9.310171895254811,0.5854094119274316,0.7190489464066323,5.31010586172926,-0.01707317073170732,12.072179313814468,4,29.0,89.0,60.0,56.0,0.3537736499999937,3.2024503826427617,0.18951858622790985,0.9786715417428398,0.0712979890310786,0.09384521633150518,0.03412553321145643,0.23826934795856186,0.031687995124923825,0.04753199268738574,0.01218769043266301,0.08531383302864107,0.15965874466788543,0.017672151127361365,0.1145642900670323,0.09384521633150518,0.14634146341463414,0.0024390243902439024,0.02621951219512195,0.031097560975609756,0.01768292682926829,0.03170731707317073,0.036585365853658534,0.03902439024390244,0.06280487804878049,0.09207317073170732,0.0475609756097561,0.009146341463414634,0.043292682926829265,0.006097560975609756,0.01951219512195122,0.0475609756097561,0.03475609756097561,0.02804878048780488,0.015853658536585366,0.022560975609756097,0.01524390243902439,0.028658536585365855,0.012804878048780487,0.00548780487804878,0.1774390243902439,0.4054867848778856,0.010036801605888258,0.03278688524590164,0.06925393108062897,0.03813984610237538,0.06825025092004015,0.0508531281365005,0.04483104717296755,0.04817664770826363,0.07995985279357645,0.024088323854131816,0.00033456005352960856,0.0,0.0,0.0117096018735363,0.015724322515891603,0.006356641017062563,0.006356641017062563,0.008698561391769822,0.01639344262295082,0.014386082301773169,0.0020073603211776514,0.006356641017062563,0.00033456005352960856,0.03947808631649381
beeth,pathetique_3.mid,64.8338204592902,11.704750932041497,0.23600927471207367,0.28998001956661174,9.309778330222112,-0.010025062656641603,13.44635306602925,2,29.0,89.0,60.0,65.0,0.147420000000011,3.2406076009171305,0.14613778705636749,0.8492693110647181,0.1732776617954071,0.018789144050104383,0.12359081419624217,0.12400835073068893,0.023799582463465554,0.11524008350730688,0.015866388308977037,0.17160751565762003,0.07265135699373695,0.02129436325678497,0.07348643006263048,0.06638830897703549,0.19548872180451127,0.004594820384294068,0.01086048454469507,0.018796992481203006,0.020050125313283207,0.02046783625730994,0.011695906432748537,0.015455304928989139,0.03341687552213868,0.04720133667502088,0.09022556390977443,0.04218880534670008,0.004594820384294068,0.031746031746031744,0.05806182121971595,0.04928989139515455,0.03884711779448621,0.04093567251461988,0.010025062656641603,0.022138680033416874,0.01211361737677527,0.018379281537176273,0.007101086048454469,0.007101086048454469,0.18922305764411027,0.5870544858664482,0.0077836952068824255,0.024580090126997134,0.04629250307251127,0.0368701351904957,0.03482179434657927,0.029086439983613273,0.021712412945514133,0.042605489553461696,0.03768947152806227,0.03482179434657927,0.005735354362965997,0.0,0.0028676771814829987,0.02294141745186399,0.013928717738631708,0.009422367882015567,0.01188037689471528,0.0036870135190495697,0.009422367882015567,0.009832036050798854,0.0036870135190495697,0.0016386726751331422,0.0,0.0016386726751331422
beeth,waldstein_1.mid,61.85704291044776,15.56467734351921,0.21491509660948172,0.3308579821599892,13.798730760363734,0.0008163265306122449,18.06717299021605,2,29.0,93.0,64.0,60.0,0.12648728124997888,3.4622416672673393,0.24603544776119401,0.9326026119402985,0.12301772388059702,0.03614738805970149,0.08208955223880597,0.060517723880597014,0.12756529850746268,0.07707555970149253,0.048507462686567165,0.11135727611940298,0.06366604477611941,0.09818097014925373,0.03719682835820896,0.13467817164179105,0.23638483965014578,0.0025655976676384838,0.011778425655976676,0.02087463556851312,0.01889212827988338,0.019475218658892127,0.013877551020408163,0.043498542274052476,0.05002915451895044,0.046064139941690965,0.036151603498542274,0.02110787172011662,0.001749271137026239,0.03696793002915452,0.024839650145772593,0.04338192419825073,0.022157434402332362,0.021341107871720118,0.010262390670553935,0.018542274052478134,0.024839650145772593,0.031137026239067056,0.012594752186588922,0.0036151603498542273,0.22787172011661808,0.5954054937867888,0.00776651406147809,0.016677567037279267,0.051013734466971876,0.032946370176586005,0.031801831262262915,0.021010464355788096,0.04308371484630477,0.039404839764551995,0.03605297580117724,0.01250817527795945,0.004823413996075866,0.0,0.007275997383911053,0.006213211249182472,0.02199149771092217,0.013407455853499018,0.016759319816873775,0.004823413996075866,0.0144702419882276,0.00776651406147809,0.007930019620667103,0.003106605624591236,0.0,0.003760627861347286
beeth,waldstein_2.mid,55.36105476673428,12.56526428834451,1.3662105166159566,1.0126848003660427,2.0027163373845895,0.07723577235772358,16.121052806146306,2,29.0,89.0,60.0,53.0,1.3636364999999984,3.3181253498882235,0.18052738336713992,0.9452332657200812,0.13793103448275862,0.016227180527383367,0.07707910750507099,0.030425963488843813,0.10141987829614604,0.19066937119675456,0.02231237322515213,0.09330628803245436,0.0486815415821501,0.08924949290060852,0.06288032454361055,0.12981744421906694,0.25203252032520324,0.0020325203252032522,0.014227642276422764,0.03048780487804878,0.022357723577235773,0.032520325203252036,0.024390243902439025,0.034552845528455285,0.034552845528455285,0.06910569105691057,0.01016260162601626,0.012195121951219513,0.04878048780487805,0.01016260162601626,0.014227642276422764,0.046747967479674794,0.008130081300813009,0.006097560975609756,0.03048780487804878,0.012195121951219513,0.02032520325203252,0.024390243902439025,0.008130081300813009,0.0,0.23170731707317074,0.6503937007874016,0.0031496062992125984,0.014173228346456693,0.03622047244094488,0.03464566929133858,0.04566929133858268,0.025196850393700787,0.04251968503937008,0.04566929133858268,0.04409448818897638,0.004724409448818898,0.0,0.0,0.0,0.006299212598425197,0.011023622047244094,0.0031496062992125984,0.0015748031496062992,0.0,0.012598425196850394,0.012598425196850394,0.0,0.0,0.0,0.006299212598425197
beeth,waldstein_3.mid,64.3033555223475,13.8851696435528,0.18989351535117388,0.21741052265289004,12.717268913622544,0.0009510869565217392,17.863229605016013,3,29.0,93.0,64.0,64.0,0.13817249999999603,3.242868466320419,0.14359462029615544,0.9020513517185165,0.16125526423040348,0.022279581578589867,0.10976769460671104,0.040483629941584026,0.09944301046053525,0.09034098627903818,0.020241814970792013,0.21532400489063985,0.04224969433500883,0.09822035049585653,0.018339899470180682,0.08205406874066024,0.27853260869565216,0.001358695652173913,0.005570652173913043,0.010597826086956521,0.011277173913043479,0.018206521739130434,0.008016304347826088,0.027445652173913045,0.026630434782608695,0.04048913043478261,0.052445652173913046,0.017255434782608697,0.0005434782608695652,0.02092391304347826,0.036005434782608696,0.059375,0.041440217391304345,0.034375,0.004347826086956522,0.017663043478260868,0.007880434782608695,0.010597826086956521,0.010326086956521738,0.0033967391304347825,0.25529891304347824,0.6231529711916658,0.007228659508876368,0.012437546507919634,0.026257042627830338,0.021260763261401083,0.027532688423514404,0.010949293079621558,0.0255129159136813,0.024130966301690232,0.027320080790900394,0.017752737323269905,0.007972786223025406,0.0,0.009142128202402466,0.009354735835016477,0.02115445944509408,0.011268204528542575,0.01137450834484958,0.005315190815350271,0.015520357180822791,0.004358456468587222,0.009354735835016477,0.012862761773147656,0.003614329754438184,0.05517168066333581
chopin,chp_op18.mid,65.46953567383919,11.571821640078625,0.19339139389675417,0.12979009723496662,14.231148113404917,-0.009741730856366107,15.014406170019729,2,27.0,99.0,72.0,65.0,0.14922662499998296,3.229361721880713,0.14518686296715744,0.9420158550396376,0.06432616081540204,0.07950169875424688,0.03533408833522084,0.17214043035107587,0.015402038505096263,0.12253680634201586,0.04688561721404304,0.08425821064552662,0.17485843714609287,0.01087202718006795,0.15719139297848245,0.03669309173272933,0.20140462165835976,0.00045310376076121433,0.009062075215224286,0.03579519710013593,0.01971001359311282,0.01517897598550068,0.019030357951971,0.027639329406434075,0.03239691889442682,0.05256003624830086,0.030131400090620753,0.021069324875396468,0.03874037154508382,0.023561395559583146,0.02084277299501586,0.05142727684639783,0.0348889895786135,0.03964657906660625,0.021975532396918896,0.046216583597643864,0.025147258722247396,0.02560036248300861,0.007023108291798822,0.011101042138649752,0.1893973719981876,0.5033128834355828,0.012147239263803681,0.026993865030674847,0.057423312883435586,0.029693251533742332,0.028588957055214723,0.028098159509202456,0.02134969325153374,0.03141104294478528,0.02920245398773006,0.018895705521472392,0.004785276073619632,0.0,0.00871165644171779,0.011042944785276074,0.033374233128834356,0.022331288343558284,0.025521472392638037,0.013374233128834356,0.01705521472392638,0.017668711656441717,0.03263803680981595,0.01177914110429448,0.002822085889570552,0.01177914110429448
chopin,chp_op31.mid,64.72423025435073,14.426100353021374,0.25327433557459034,0.3801157301141318,11.550217180135723,-0.005523012552301255,16.291029015998284,2,24.0,101.0,77.0,64.0,0.1399253124999973,3.4186538371439057,0.23393574297188757,0.9057898259705489,0.09220214190093708,0.12332663989290495,0.02677376171352075,0.08885542168674698,0.0607429718875502,0.12299196787148595,0.09387550200803213,0.025937081659973226,0.1680053547523427,0.0644243641231593,0.07680722891566265,0.05605756358768407,0.2607531380753138,0.0015062761506276152,0.004351464435146443,0.013556485355648535,0.016569037656903766,0.022928870292887028,0.022928870292887028,0.04468619246861925,0.032301255230125524,0.049707112970711294,0.038326359832635985,0.025774058577405858,0.010543933054393306,0.0068619246861924684,0.02092050209205021,0.04418410041841004,0.02811715481171548,0.03430962343096234,0.022928870292887028,0.02393305439330544,0.015899581589958158,0.021087866108786612,0.00903765690376569,0.007196652719665272,0.22158995815899582,0.6602538275584207,0.006345688960515713,0.02115229653505238,0.029915390813859792,0.0273972602739726,0.028505237711522965,0.024576954069298954,0.026893634165995165,0.025684931506849314,0.023771152296535054,0.015914585012087028,0.003928283642224013,0.0,0.0016116035455278,0.008158742949234488,0.014403706688154714,0.008058017727639,0.013900080580177276,0.009568896051571314,0.012389202256244963,0.012792103142626915,0.006345688960515713,0.0038275584206285255,0.00030217566478646255,0.014302981466559226
chopin,chpn-p1.mid,61.55351681957187,11.414462291570304,0.24972010479740087,0.3954831647653447,10.645336785845736,0.08588957055214724,13.309620475986502,2,31.0,86.0,55.0,64.0,0.13836668333333335,2.9487596255561064,0.051987767584097844,0.9296636085626911,0.19571865443425077,0.0061162079510703364,0.0856269113149847,0.01834862385321101,0.15902140672782875,0.08868501529051988,0.012232415902140673,0.22935779816513763,0.0061162079510703364,0.12538226299694188,0.009174311926605505,0.06422018348623854,0.2392638036809816,0.012269938650306749,0.018404907975460124,0.05521472392638037,0.046012269938650305,0.05214723926380368,0.0,0.006134969325153374,0.0,0.015337423312883436,0.0,0.0,0.003067484662576687,0.009202453987730062,0.018404907975460124,0.046012269938650305,0.03067484662576687,0.05214723926380368,0.003067484662576687,0.0705521472392638,0.03067484662576687,0.03680981595092025,0.0,0.0,0.254601226993865,0.29395604395604397,0.019230769230769232,0.016483516483516484,0.06318681318681318,0.0521978021978022,0.038461538461538464,0.0027472527472527475,0.10989010989010989,0.046703296703296704,0.04945054945054945,0.01098901098901099,0.005494505494505495,0.0,0.0,0.01098901098901099,0.0521978021978022,0.03021978021978022,0.03021978021978022,0.005494505494505495,0.06593406593406594,0.027472527472527472,0.019230769230769232,0.005494505494505495,0.0027472527472527475,0.04120879120879121
chopin,chpn-p10.mid,63.04968944099379,15.959693501873382,0.23171436464803322,0.2717637315907825,13.794003436341145,-0.17133956386292834,15.361437368249522,2,32.0,97.0,65.0,61.0,0.096241229166667,2.94682901171229,0.07453416149068326,0.8850931677018633,0.034161490683229816,0.20496894409937888,0.021739130434782608,0.13354037267080746,0.09627329192546584,0.0,0.11801242236024845,0.006211180124223602,0.2453416149068323,0.08695652173913043,0.012422360248447204,0.040372670807453416,0.17445482866043613,0.0,0.009345794392523364,0.037383177570093455,0.006230529595015576,0.04361370716510903,0.009345794392523364,0.03426791277258567,0.040498442367601244,0.009345794392523364,0.1277258566978193,0.102803738317757,0.003115264797507788,0.024922118380062305,0.003115264797507788,0.003115264797507788,0.006230529595015576,0.01557632398753894,0.006230529595015576,0.11526479750778816,0.018691588785046728,0.012461059190031152,0.003115264797507788,0.037383177570093455,0.1557632398753894,0.5441412520064205,0.01765650080256822,0.009630818619582664,0.052969502407704656,0.0449438202247191,0.0593900481540931,0.006420545746388443,0.016051364365971106,0.016051364365971106,0.012841091492776886,0.0032102728731942215,0.0,0.0,0.0016051364365971107,0.0016051364365971107,0.0032102728731942215,0.011235955056179775,0.014446227929373997,0.0032102728731942215,0.03531300160513644,0.008025682182985553,0.011235955056179775,0.0016051364365971107,0.004815409309791332,0.12038523274478331
chopin,chpn-p11.mid,63.490625,10.553727403594191,0.2541801146614583,0.30564733726326676,10.579939958485317,-0.13479623824451412,15.423916184799584,2,30.0,83.0,53.0,66.0,0.16901399999999978,2.778004891996546,0.03125,0.953125,0.0,0.10625,0.00625,0.15,0.075,0.015625,0.3125,0.009375,0.090625,0.0,0.075,0.159375,0.2852664576802508,0.003134796238244514,0.006269592476489028,0.05956112852664577,0.02821316614420063,0.034482758620689655,0.034482758620689655,0.009404388714733543,0.01567398119122257,0.012539184952978056,0.05956112852664577,0.01567398119122257,0.006269592476489028,0.009404388714733543,0.0219435736677116,0.012539184952978056,0.009404388714733543,0.009404388714733543,0.003134796238244514,0.006269592476489028,0.02821316614420063,0.018808777429467086,0.003134796238244514,0.0,0.3072100313479624,0.6348122866894198,0.0034129692832764505,0.013651877133105802,0.08532423208191127,0.030716723549488054,0.04436860068259386,0.03754266211604096,0.020477815699658702,0.020477815699658702,0.020477815699658702,0.0034129692832764505,0.0034129692832764505,0.0,0.0,0.0,0.013651877133105802,0.0034129692832764505,0.006825938566552901,0.0,0.020477815699658702,0.0034129692832764505,0.013651877133105802,0.0,0.0,0.020477815699658702
chopin,chpn-p12.mid,61.35398230088496,11.08666393857481,0.13157864550482729,0.14318570262183136,21.950063052946774,-0.015297906602254429,12.617075224872531,2,27.0,82.0,55.0,63.0,0.11424550000000089,3.3703478492240513,0.21158487530168946,0.9646017699115044,0.03700724054706356,0.06999195494770716,0.038616251005631534,0.16975060337892195,0.1005631536604988,0.027353177795655673,0.07884151246983105,0.06516492357200322,0.1255028157683025,0.04344328238133548,0.07803700724054706,0.16572807723250202,0.1497584541062802,0.005636070853462158,0.01932367149758454,0.028985507246376812,0.03140096618357488,0.06682769726247988,0.016908212560386472,0.07890499194847021,0.06602254428341385,0.06843800322061191,0.01932367149758454,0.020128824476650563,0.1215780998389694,0.008051529790660225,0.0024154589371980675,0.027375201288244767,0.005636070853462158,0.024154589371980676,0.013687600644122383,0.020128824476650563,0.011272141706924315,0.008856682769726247,0.0024154589371980675,0.0024154589371980675,0.18035426731078905,0.47159740754860846,0.013724742661075104,0.0434616850934045,0.0522302706824247,0.0484178421654594,0.06786122760198246,0.02134959969500572,0.06557377049180328,0.05261151353412123,0.05299275638581777,0.006862371330537552,0.002287457110179184,0.0,0.0003812428516965307,0.0015249714067861228,0.01181852840259245,0.010293556995806329,0.017537171178040413,0.0072436141822340835,0.012581014105985514,0.006862371330537552,0.009912314144109797,0.0030499428135722455,0.0003812428516965307,0.019443385436523065
chopin,chpn-p13.mid,56.796460176991154,9.423689122270158,0.6331907664915191,0.7010653350901911,5.890380271005414,-0.031007751937984496,13.119399370711427,2,30.0,80.0,50.0,56.0,0.3505215833333324,3.0639387506197875,0.07411504424778759,0.9767699115044248,0.023230088495575223,0.17588495575221239,0.0055309734513274336,0.10951327433628319,0.028761061946902654,0.08075221238938053,0.19579646017699115,0.014380530973451327,0.13716814159292035,0.0022123893805309734,0.13827433628318583,0.08849557522123894,0.14839424141749724,0.0033222591362126247,0.015503875968992248,0.09634551495016612,0.028792912513842746,0.07198228128460686,0.012181616832779624,0.03433001107419712,0.018826135105204873,0.02768549280177187,0.05647840531561462,0.007751937984496124,0.0022148394241417496,0.0,0.012181616832779624,0.07751937984496124,0.04983388704318937,0.026578073089700997,0.018826135105204873,0.015503875968992248,0.018826135105204873,0.031007751937984496,0.01107419712070875,0.042081949058693245,0.17275747508305647,0.5622047244094488,0.013648293963254593,0.04199475065616798,0.05984251968503937,0.04409448818897638,0.06194225721784777,0.01942257217847769,0.03727034120734908,0.01837270341207349,0.03254593175853018,0.002099737532808399,0.0,0.0,0.0,0.0015748031496062992,0.011023622047244094,0.015223097112860892,0.010498687664041995,0.008923884514435695,0.010498687664041995,0.011023622047244094,0.01732283464566929,0.002099737532808399,0.0031496062992125984,0.015223097112860892
chopin,chpn-p14.mid,50.72811059907834,7.664917543345994,0.12490268255568357,0.02280774682827747,15.264324880734653,-0.05542725173210162,12.993040395552468,2,27.0,66.0,39.0,51.0,0.12298308333333452,3.359823072510831,0.21658986175115202,1.0,0.03686635944700461,0.06912442396313365,0.07373271889400922,0.15668202764976957,0.027649769585253458,0.10599078341013825,0.14746543778801843,0.027649769585253458,0.04608294930875576,0.05069124423963134,0.1336405529953917,0.12442396313364056,0.5011547344110855,0.0,0.0,0.0,0.0,0.0,0.0,0.0,0.0,0.0,0.0,0.0,0.0,0.0,0.023094688221709007,0.02771362586605081,0.03926096997690531,0.046189376443418015,0.03695150115473441,0.018475750577367205,0.046189376443418015,0.011547344110854504,0.0,0.0,0.24942263279445728,0.9864253393665159,0.0,0.0,0.0,0.004524886877828055,0.0,0.0,0.0,0.0,0.0,0.0,0.0,0.0,0.0,0.0,0.0,0.00904977375565611,0.0,0.0,0.0,0.0,0.0,0.0,0.0,0.0
chopin,chpn-p15.mid,59.38076416337286,10.062515994424903,0.6792809239706835,0.6243731883913533,5.53496462253254,-0.026367831245880026,12.127017981342691,2,28.0,82.0,54.0,58.0,0.3938837500000023,2.585245892587717,0.10342555994729907,0.9868247694334651,0.043478260869565216,0.11001317523056653,0.002635046113306983,0.10013175230566534,0.04808959156785244,0.06258234519104085,0.039525691699604744,0.003952569169960474,0.47167325428194995,0.005270092226613966,0.03491436100131752,0.077733860342556,0.2168754119973632,0.0032959789057350032,0.01054713249835201,0.05273566249176005,0.011865524060646011,0.04878048780487805,0.00922874093605801,0.04087013843111404,0.02900461437046803,0.02900461437046803,0.017798286090969017,0.00988793671720501,0.14502307185234015,0.005932762030323006,0.01120632827949901,0.015161502966381015,0.027686222808174028,0.011865524060646011,0.004614370468029005,0.01977587343441002,0.00922874093605801,0.015820698747528016,0.004614370468029005,0.0013183915622940012,0.24785761371127224,0.5059594755661502,0.0032777115613825984,0.013408820023837902,0.030393325387365912,0.03456495828367104,0.0598927294398093,0.007449344457687724,0.060786650774731825,0.03069129916567342,0.026221692491060787,0.005065554231227652,0.0017878426698450535,0.0,0.0,0.0026817640047675805,0.007449344457687724,0.033075089392133494,0.03843861740166865,0.0029797377830750892,0.03575685339690107,0.018772348033373062,0.023241954707985697,0.010727056019070322,0.0011918951132300357,0.046185935637663884
chopin,chpn-p16.mid,65.16763969974978,16.19031167634231,0.12434232627363075,0.14106709004810922,19.577716000704804,-0.014190317195325543,20.509795671857432,2,27.0,101.0,74.0,66.0,0.09172858333333522,3.343787282512371,0.19182652210175144,0.9991659716430359,0.10592160133444536,0.12510425354462051,0.026688907422852376,0.14261884904086738,0.05587989991659716,0.15679733110925773,0.10341951626355296,0.020016680567139282,0.058381984987489574,0.06755629691409508,0.11592994161801501,0.021684737281067557,0.2871452420701169,0.0008347245409015025,0.0025041736227045075,0.007512520868113523,0.009181969949916527,0.009181969949916527,0.00667779632721202,0.007512520868113523,0.005843071786310518,0.037562604340567615,0.05926544240400668,0.052587646076794656,0.0,0.0709515859766277,0.05676126878130217,0.02587646076794658,0.009181969949916527,0.015859766277128547,0.010851419031719533,0.022537562604340568,0.024207011686143573,0.035058430717863104,0.017529215358931552,0.037562604340567615,0.18781302170283806,0.5213787085514834,0.01788830715532286,0.010907504363001745,0.0231239092495637,0.013525305410122163,0.012652705061082025,0.011780104712041885,0.006980802792321117,0.017452006980802792,0.030104712041884817,0.05715532286212915,0.06457242582897033,0.0,0.07678883071553229,0.038394415357766144,0.014397905759162303,0.004363001745200698,0.010034904013961605,0.004799301919720768,0.006544502617801047,0.016579406631762654,0.02181500872600349,0.005235602094240838,0.0017452006980802793,0.011780104712041885
chopin,chpn-p17.mid,62.00681362725451,8.322913880261599,0.30809273435287216,0.26685343303707415,15.679378742363062,-0.0036086607858861267,11.095867287367964,2,25.0,83.0,58.0,63.0,0.2681593499999906,3.3170365828566224,0.20320641282565133,1.0,0.06292585170340681,0.10661322645290582,0.01603206412825651,0.19158316633266534,0.05090180360721443,0.07054108216432865,0.04008016032064128,0.07975951903807615,0.17234468937875752,0.03006012024048096,0.11302605210420842,0.06613226452905811,0.09703287890938252,0.0008019246190858059,0.0056134723336006415,0.05934242181234964,0.04170008019246191,0.10064153969526865,0.0408981555733761,0.08500400962309543,0.035685645549318364,0.07778668805132317,0.007217321571772253,0.00040096230954290296,0.00040096230954290296,0.0,0.018444266238973536,0.06936647955092222,0.04290296712109062,0.042502004811547714,0.02165196471531676,0.03648757016840417,0.02445870088211708,0.028067361668003207,0.012028869286287089,0.0032076984763432237,0.1483560545308741,0.35998144425545076,0.0015463120457708365,0.0245863615277563,0.07700633987938767,0.04809030462347302,0.07143961651461266,0.025978042368950054,0.06169785062625638,0.05102829751043761,0.06540899953610639,0.01097881552497294,0.0003092624091541673,0.0,0.000463893613731251,0.012370496366166692,0.0454615741456626,0.02829751043760631,0.03386423380238132,0.013762177207360445,0.00974176588835627,0.012370496366166692,0.007267666615122932,0.002628730477810422,0.0013916808411937528,0.034328127416112575
chopin,chpn-p18.mid,60.87434554973822,13.695450441354243,0.18318728303155918,0.2593757011125587,12.552777031484004,-0.033216783216783216,13.847468835451815,2,24.0,92.0,68.0,61.0,0.12182470833333348,3.3504923114488943,0.20069808027923208,0.93717277486911,0.2006980802792321,0.09598603839441536,0.038394415357766144,0.055846422338568937,0.04712041884816754,0.14834205933682373,0.04013961605584642,0.11518324607329843,0.09075043630017451,0.03315881326352531,0.0924956369982548,0.041884816753926704,0.40559440559440557,0.0,0.0,0.0017482517482517483,0.0034965034965034965,0.015734265734265736,0.006993006993006993,0.015734265734265736,0.019230769230769232,0.02972027972027972,0.026223776223776224,0.0017482517482517483,0.006993006993006993,0.024475524475524476,0.005244755244755245,0.033216783216783216,0.01048951048951049,0.013986013986013986,0.017482517482517484,0.006993006993006993,0.008741258741258742,0.045454545454545456,0.05419580419580419,0.03146853146853147,0.21503496503496503,0.5942028985507246,0.018115942028985508,0.027777777777777776,0.036231884057971016,0.008454106280193236,0.013285024154589372,0.026570048309178744,0.006038647342995169,0.018115942028985508,0.024154589371980676,0.04830917874396135,0.018115942028985508,0.0,0.024154589371980676,0.018115942028985508,0.021739130434782608,0.006038647342995169,0.010869565217391304,0.008454106280193236,0.010869565217391304,0.010869565217391304,0.008454106280193236,0.01570048309178744,0.0,0.025362318840579712
chopin,chpn-p19.mid,63.7962813257882,13.209360210313111,0.10910328169799251,0.06700603158028443,18.39597838165146,-0.025080906148867314,23.43955633899368,2,31.0,99.0,68.0,63.0,0.1017813333333315,3.242797957209749,0.17380759902991105,0.9991915925626516,0.06709781729991916,0.04527081649151172,0.06305578011317704,0.19401778496362165,0.015359741309620048,0.11479385610347616,0.038803556992724336,0.10509296685529507,0.068714632174616,0.037186742118027485,0.21341956345998384,0.037186742118027485,0.3446601941747573,0.0,0.006472491909385114,0.022653721682847898,0.015372168284789644,0.007281553398058253,0.00889967637540453,0.011326860841423949,0.023462783171521034,0.04773462783171521,0.012944983818770227,0.0,0.0008090614886731392,0.0,0.0,0.0016181229773462784,0.0008090614886731392,0.0016181229773462784,0.0016181229773462784,0.006472491909385114,0.006472491909385114,0.029935275080906147,0.0040453074433656954,0.003236245954692557,0.4425566343042071,0.6771300448430493,0.0,0.013452914798206279,0.04783258594917788,0.03288490284005979,0.013452914798206279,0.016442451420029897,0.02242152466367713,0.04633781763826607,0.08819133034379671,0.02391629297458894,0.0,0.0,0.0,0.0,0.0029895366218236174,0.0014947683109118087,0.0014947683109118087,0.0,0.004484304932735426,0.004484304932735426,0.0014947683109118087,0.0,0.0,0.0014947683109118087
chopin,chpn-p2.mid,50.941520467836256,7.9543342867575975,0.9202681107821634,1.1363718689024906,2.8130208348944814,0.02932551319648094,10.638516139235504,2,28.0,73.0,45.0,50.0,0.5714285000000032,3.323869650521244,0.1842105263157895,0.9649122807017544,0.06140350877192982,0.038011695906432746,0.14035087719298245,0.06725146198830409,0.13450292397660818,0.04093567251461988,0.07017543859649122,0.13157894736842105,0.014619883040935672,0.14912280701754385,0.023391812865497075,0.1286549707602339,0.12316715542521994,0.005865102639296188,0.020527859237536656,0.08504398826979472,0.04398826979472141,0.07917888563049853,0.04398826979472141,0.020527859237536656,0.017595307917888565,0.020527859237536656,0.017595307917888565,0.02346041055718475,0.02346041055718475,0.020527859237536656,0.008797653958944282,0.02346041055718475,0.03519061583577713,0.020527859237536656,0.02346041055718475,0.06158357771260997,0.05865102639296188,0.03812316715542522,0.017595307917888565,0.008797653958944282,0.15835777126099707,0.4744525547445255,0.004866180048661801,0.0170316301703163,0.09732360097323602,0.051094890510948905,0.0948905109489051,0.021897810218978103,0.0267639902676399,0.0413625304136253,0.0170316301703163,0.009732360097323601,0.0,0.0,0.0,0.0,0.009732360097323601,0.004866180048661801,0.0,0.004866180048661801,0.038929440389294405,0.014598540145985401,0.021897810218978103,0.014598540145985401,0.0072992700729927005,0.0267639902676399
chopin,chpn-p20.mid,54.9020979020979,11.95376564440362,1.5857373487616553,0.9570811857485478,3.195417924062057,-0.042105263157894736,15.051897908755105,2,24.0,75.0,51.0,58.5,1.4781970000000015,3.1618288442614997,0.16083916083916083,1.0,0.2062937062937063,0.038461538461538464,0.10839160839160839,0.1258741258741259,0.006993006993006993,0.08741258741258741,0.02097902097902098,0.1853146853146853,0.1048951048951049,0.027972027972027972,0.02097902097902098,0.06643356643356643,0.3017543859649123,0.0035087719298245615,0.014035087719298246,0.04912280701754386,0.03859649122807018,0.05263157894736842,0.014035087719298246,0.056140350877192984,0.042105263157894736,0.042105263157894736,0.017543859649122806,0.0035087719298245615,0.0,0.0035087719298245615,0.010526315789473684,0.02456140350877193,0.03508771929824561,0.021052631578947368,0.017543859649122806,0.02456140350877193,0.014035087719298246,0.014035087719298246,0.0,0.0,0.2,0.5724743777452416,0.004392386530014641,0.01903367496339678,0.043923865300146414,0.03513909224011713,0.04978038067349927,0.014641288433382138,0.0424597364568082,0.03953147877013177,0.0424597364568082,0.005856515373352855,0.0,0.0,0.0,0.005856515373352855,0.017569546120058566,0.020497803806734993,0.017569546120058566,0.014641288433382138,0.01171303074670571,0.016105417276720352,0.005856515373352855,0.0029282576866764276,0.0,0.017569546120058566
chopin,chpn-p21.mid,61.369020501138955,10.878309977655856,0.43423097582336756,0.5006104893268285,8.240963207904915,-0.04903078677309008,12.782938836057827,2,29.0,90.0,61.0,61.0,0.28985500000000286,3.384741820158852,0.2892938496583144,0.9726651480637813,0.05694760820045558,0.08086560364464693,0.07517084282460136,0.11845102505694761,0.05011389521640091,0.11275626423690205,0.1378132118451025,0.07061503416856492,0.025056947608200455,0.0683371298405467,0.1788154897494305,0.025056947608200455,0.15507411630558723,0.0,0.012542759407069556,0.06955530216647662,0.053591790193842644,0.027366020524515394,0.055872291904218926,0.02508551881413911,0.04903078677309008,0.06841505131128849,0.014823261117445839,0.010262257696693273,0.002280501710376283,0.01596351197263398,0.01710376282782212,0.03534777651083238,0.028506271379703536,0.04104903078677309,0.01710376282782212,0.037628278221208664,0.020524515393386546,0.036488027366020526,0.014823261117445839,0.026225769669327253,0.1653363740022805,0.5946969696969697,0.0012626262626262627,0.017676767676767676,0.059343434343434344,0.04861111111111111,0.032196969696969696,0.03535353535353535,0.02462121212121212,0.03345959595959596,0.04734848484848485,0.003787878787878788,0.0006313131313131314,0.0,0.0,0.0012626262626262627,0.013257575757575758,0.01452020202020202,0.011994949494949494,0.006313131313131313,0.008207070707070708,0.011363636363636364,0.01452020202020202,0.003787878787878788,0.0,0.015782828282828284
chopin,chpn-p22.mid,57.72133757961783,13.127391142602583,0.24460773366175675,0.18564354466841862,15.163262147096162,0.03349282296650718,14.789986302148206,2,25.0,91.0,66.0,60.0,0.1531453333333328,3.3073844072394722,0.2292993630573248,1.0,0.1449044585987261,0.09872611464968153,0.08439490445859872,0.11464968152866242,0.011146496815286623,0.04777070063694268,0.06050955414012739,0.1767515923566879,0.04936305732484077,0.09235668789808917,0.10987261146496816,0.009554140127388535,0.3652312599681021,0.004784688995215311,0.009569377990430622,0.0430622009569378,0.02711323763955343,0.01594896331738437,0.017543859649122806,0.03508771929824561,0.03508771929824561,0.02711323763955343,0.001594896331738437,0.006379585326953748,0.0,0.003189792663476874,0.004784688995215311,0.017543859649122806,0.014354066985645933,0.025518341307814992,0.02073365231259968,0.01594896331738437,0.011164274322169059,0.03349282296650718,0.012759170653907496,0.030303030303030304,0.22169059011164274,0.6392536281962682,0.0,0.0055286800276434,0.03455425017277125,0.020041465100207326,0.018659295093296474,0.011748445058742226,0.020041465100207326,0.026952315134761574,0.02073255010366275,0.00138217000691085,0.0,0.0,0.0,0.00414651002073255,0.0359364201796821,0.014512785072563926,0.020041465100207326,0.013130615065653075,0.014512785072563926,0.022805805114029024,0.02902557014512785,0.0034554250172771253,0.0,0.043538355217691775
chopin,chpn-p23.mid,70.38403041825094,13.331430731646432,0.20241049553628016,0.24335535172042175,10.278491380594378,0.0,15.01148766461079,2,36.0,101.0,65.0,70.0,0.13590649999999904,2.791418047636578,0.03992395437262353,0.8593155893536122,0.26425855513307983,0.0,0.09505703422053231,0.0038022813688212928,0.060836501901140684,0.19961977186311788,0.0038022813688212928,0.14068441064638784,0.0038022813688212928,0.155893536121673,0.043726235741444866,0.028517110266159697,0.1619047619047619,0.0,0.007619047619047619,0.024761904761904763,0.011428571428571429,0.030476190476190476,0.009523809523809525,0.0380952380952381,0.06095238095238095,0.11428571428571428,0.09904761904761905,0.009523809523809525,0.0,0.01904761904761905,0.03428571428571429,0.011428571428571429,0.015238095238095238,0.04,0.024761904761904763,0.03238095238095238,0.024761904761904763,0.02666666666666667,0.005714285714285714,0.0,0.1980952380952381,0.6853932584269663,0.013108614232209739,0.0149812734082397,0.056179775280898875,0.052434456928838954,0.052434456928838954,0.0149812734082397,0.026217228464419477,0.024344569288389514,0.03745318352059925,0.00749063670411985,0.0,0.0,0.0,0.0,0.0,0.0,0.0,0.011235955056179775,0.0018726591760299626,0.0,0.0,0.0018726591760299626,0.0,0.0
chopin,chpn-p24.mid,57.20933625091174,17.130104971952182,0.19200925299659596,0.21269677031784484,10.928882479718293,-0.008759124087591242,20.088888145623695,2,26.0,101.0,75.0,55.0,0.13087874999999372,3.32145007126867,0.1787016776075857,0.9307075127644056,0.099927060539752,0.03282275711159737,0.1422319474835886,0.020423048869438368,0.11013858497447118,0.1349380014587892,0.028446389496717725,0.09117432530999271,0.05105762217359591,0.18526622902990517,0.045951859956236324,0.05762217359591539,0.3051094890510949,0.00072992700729927,0.00145985401459854,0.00583941605839416,0.010218978102189781,0.0036496350364963502,0.0036496350364963502,0.010948905109489052,0.025547445255474453,0.027007299270072994,0.02408759124087591,0.034306569343065696,0.006569343065693431,0.025547445255474453,0.03941605839416058,0.024817518248175182,0.00291970802919708,0.0051094890510948905,0.015328467153284672,0.059124087591240874,0.06569343065693431,0.021167883211678833,0.021897810218978103,0.00145985401459854,0.2583941605839416,0.7547033285094067,0.002170767004341534,0.010130246020260492,0.020260492040520984,0.03473227206946455,0.011577424023154847,0.009406657018813314,0.020984081041968163,0.005065123010130246,0.01881331403762663,0.00361794500723589,0.0,0.0,0.001447178002894356,0.001447178002894356,0.019536903039073805,0.00361794500723589,0.005065123010130246,0.005788712011577424,0.02170767004341534,0.000723589001447178,0.001447178002894356,0.0,0.0,0.04775687409551375
chopin,chpn-p3.mid,58.32277526395173,9.862472567697653,0.24475602292609325,0.47702923230018696,12.964992685161246,0.04229607250755287,11.25539922199475,2,36.0,98.0,62.0,57.0,0.09375,2.7991044999681223,0.02865761689291102,0.9381598793363499,0.0889894419306184,0.012066365007541479,0.1975867269984917,0.0015082956259426848,0.11161387631975868,0.015082956259426848,0.03167420814479638,0.20060331825037708,0.0,0.18552036199095023,0.0,0.15535444947209653,0.1646525679758308,0.0015105740181268882,0.0,0.02416918429003021,0.0030211480362537764,0.010574018126888218,0.004531722054380665,0.006042296072507553,0.004531722054380665,0.010574018126888218,0.23867069486404835,0.03927492447129909,0.0,0.0,0.1661631419939577,0.01661631419939577,0.013595166163141994,0.04984894259818731,0.0015105740181268882,0.045317220543806644,0.004531722054380665,0.04682779456193353,0.022658610271903322,0.004531722054380665,0.12084592145015106,0.6385826771653543,0.011811023622047244,0.03622047244094488,0.031496062992125984,0.028346456692913385,0.04173228346456693,0.013385826771653543,0.027559055118110236,0.013385826771653543,0.01968503937007874,0.06299212598425197,0.014173228346456693,0.0,0.002362204724409449,0.025984251968503937,0.003937007874015748,0.0031496062992125984,0.006299212598425197,0.0015748031496062992,0.002362204724409449,0.003937007874015748,0.008661417322834646,0.0007874015748031496,0.0,0.0015748031496062992
chopin,chpn-p4.mid,57.01655629139073,7.314803374375259,0.6023681246999172,0.6749144984662812,5.8391274493985765,-0.05140961857379768,9.545509941129009,2,28.0,84.0,56.0,56.0,0.4267117333333337,3.221800366996598,0.1539735099337748,0.9850993377483444,0.1291390728476821,0.009933774834437087,0.061258278145695365,0.059602649006622516,0.20198675496688742,0.039735099337748346,0.08278145695364239,0.07450331125827815,0.028145695364238412,0.13410596026490065,0.016556291390728478,0.16225165562913907,0.06301824212271974,0.004975124378109453,0.03648424543946932,0.03980099502487562,0.01824212271973466,0.05804311774461028,0.07628524046434494,0.09950248756218906,0.1077943615257048,0.05306799336650083,0.013266998341625208,0.008291873963515755,0.04311774461028192,0.001658374792703151,0.008291873963515755,0.03150912106135987,0.01990049751243781,0.01990049751243781,0.029850746268656716,0.02321724709784411,0.01824212271973466,0.06633499170812604,0.04311774461028192,0.003316749585406302,0.11276948590381426,0.3936451897616946,0.009708737864077669,0.04854368932038835,0.13415710503089143,0.03177405119152692,0.0617828773168579,0.0441306266548985,0.05736981465136805,0.06531332744924978,0.03618711385701677,0.00441306266548985,0.0,0.0,0.00088261253309797,0.00617828773168579,0.01588702559576346,0.01588702559576346,0.01235657546337158,0.018534863195057368,0.0088261253309797,0.00706090026478376,0.01147396293027361,0.01235657546337158,0.00176522506619594,0.00176522506619594
chopin,chpn-p5.mid,61.61739130434783,10.560247533903535,0.12305829051630437,0.035811857251398,15.141059963263604,-0.030501089324618737,18.391504443536476,2,38.0,90.0,52.0,62.0,0.12598699999999852,3.2251458123827432,0.12608695652173918,0.9934782608695653,0.01956521739130435,0.09565217391304348,0.14347826086956522,0.008695652173913044,0.13043478260869565,0.01956521739130435,0.10217391304347827,0.10869565217391304,0.02608695652173913,0.1934782608695652,0.05217391304347826,0.1,0.2679738562091503,0.0,0.004357298474945534,0.07407407407407407,0.013071895424836602,0.008714596949891068,0.026143790849673203,0.0392156862745098,0.05010893246187364,0.04139433551198257,0.004357298474945534,0.0,0.0,0.0,0.008714596949891068,0.0,0.026143790849673203,0.017429193899782137,0.008714596949891068,0.0392156862745098,0.008714596949891068,0.010893246187363835,0.026143790849673203,0.004357298474945534,0.3202614379084967,0.5498392282958199,0.0,0.006430868167202572,0.12218649517684887,0.01607717041800643,0.022508038585209004,0.06109324758842444,0.08360128617363344,0.08038585209003216,0.028938906752411574,0.003215434083601286,0.0,0.0,0.0,0.0,0.0,0.00964630225080386,0.003215434083601286,0.003215434083601286,0.00964630225080386,0.0,0.0,0.0,0.0,0.0
chopin,chpn-p6.mid,63.785185185185185,8.69259811579619,0.7981879024639913,0.522169528637158,4.213604048181303,-0.012376237623762377,12.057713742253481,2,35.0,78.0,43.0,66.0,0.596691083333333,2.9099227700852417,0.11851851851851847,0.9950617283950617,0.04938271604938271,0.08148148148148149,0.2,0.0,0.0691358024691358,0.007407407407407408,0.16296296296296298,0.10617283950617284,0.007407407407407408,0.009876543209876543,0.05432098765432099,0.2518518518518518,0.1485148514851485,0.0024752475247524753,0.012376237623762377,0.05198019801980198,0.012376237623762377,0.01485148514851485,0.019801980198019802,0.07673267326732673,0.07178217821782178,0.07425742574257425,0.03217821782178218,0.027227722772277228,0.05693069306930693,0.0049504950495049506,0.0049504950495049506,0.034653465346534656,0.04455445544554455,0.03217821782178218,0.007425742574257425,0.034653465346534656,0.024752475247524754,0.034653465346534656,0.009900990099009901,0.0,0.16584158415841585,0.39118457300275483,0.0,0.028925619834710745,0.12121212121212122,0.06060606060606061,0.04269972451790634,0.024793388429752067,0.11019283746556474,0.08264462809917356,0.08539944903581267,0.005509641873278237,0.0,0.0,0.0,0.0,0.006887052341597796,0.015151515151515152,0.008264462809917356,0.008264462809917356,0.0013774104683195593,0.0,0.006887052341597796,0.0,0.0,0.0
chopin,chpn-p7.mid,65.31736526946108,10.064516325516006,0.9446858922155688,0.5530726309594443,4.510048388484702,0.0,13.509479046076704,2,33.0,85.0,52.0,66.0,0.7060212083333326,2.9063780798718,0.053892215568862256,0.9940119760479041,0.011976047904191617,0.16167664670658682,0.1317365269461078,0.011976047904191617,0.24550898203592814,0.0,0.0718562874251497,0.0,0.0658682634730539,0.17365269461077845,0.029940119760479042,0.09580838323353294,0.16265060240963855,0.0,0.03614457831325301,0.04216867469879518,0.012048192771084338,0.012048192771084338,0.04819277108433735,0.012048192771084338,0.012048192771084338,0.09036144578313253,0.006024096385542169,0.0,0.024096385542168676,0.012048192771084338,0.0,0.03614457831325301,0.030120481927710843,0.04216867469879518,0.024096385542168676,0.12048192771084337,0.06626506024096386,0.07228915662650602,0.0,0.0,0.13855421686746988,0.38055555555555554,0.0,0.03611111111111111,0.08333333333333333,0.013888888888888888,0.044444444444444446,0.027777777777777776,0.022222222222222223,0.05555555555555555,0.041666666666666664,0.013888888888888888,0.005555555555555556,0.0,0.030555555555555555,0.016666666666666666,0.027777777777777776,0.016666666666666666,0.016666666666666666,0.011111111111111112,0.04722222222222222,0.030555555555555555,0.011111111111111112,0.011111111111111112,0.0,0.05555555555555555
chopin,chpn-p8.mid,66.18741976893453,11.421925445849586,0.16748496051561848,0.29486605498729346,16.7119495970178,0.0032113037893384713,17.15854109176734,3,35.0,93.0,58.0,68.0,0.09324066666666475,3.4172219153059675,0.2644415917843389,0.9993581514762516,0.029525032092426188,0.17586649550706032,0.08536585365853659,0.06418485237483953,0.04813863928112965,0.07509627727856226,0.13543003851091143,0.028883183568677792,0.10077021822849808,0.09178433889602054,0.06675224646983312,0.0982028241335045,0.30057803468208094,0.01991008349389852,0.006422607578676943,0.006422607578676943,0.01348747591522158,0.010918432883750802,0.00449582530507386,0.035324341682723186,0.04945407835581246,0.04046242774566474,0.07129094412331406,0.024405908798972382,0.0,0.0,0.0,0.0006422607578676942,0.0006422607578676942,0.0006422607578676942,0.0,0.0006422607578676942,0.0006422607578676942,0.0006422607578676942,0.0,0.0,0.41297366730892743,0.6720582288718157,0.01981399110392236,0.034775576223210675,0.021835826930853213,0.03679741205014153,0.06793368378487667,0.01900525677315002,0.04569348968863728,0.0440760210270926,0.01981399110392236,0.014557217953902144,0.002426202992317024,0.0,0.0,0.0,0.0004043671653861706,0.0,0.0,0.0,0.0,0.0,0.0004043671653861706,0.0,0.0,0.0004043671653861706
chopin,chpn-p9.mid,50.8861985472155,9.574437735243317,0.9215257752925746,1.0605464869657337,4.636205976173677,-0.07524271844660194,10.840488143691452,3,24.0,68.0,44.0,54.0,0.597014999999999,3.4289293978213893,0.27118644067796616,1.0,0.053268765133171914,0.0774818401937046,0.048426150121065374,0.09443099273607748,0.15254237288135594,0.03631961259079903,0.0774818401937046,0.0774818401937046,0.07021791767554479,0.07263922518159806,0.05569007263922518,0.18401937046004843,0.1796116504854369,0.0,0.0048543689320388345,0.012135922330097087,0.007281553398058253,0.021844660194174758,0.007281553398058253,0.06553398058252427,0.08737864077669903,0.12135922330097088,0.019417475728155338,0.021844660194174758,0.021844660194174758,0.024271844660194174,0.024271844660194174,0.024271844660194174,0.01699029126213592,0.024271844660194174,0.014563106796116505,0.06796116504854369,0.05339805825242718,0.04611650485436893,0.012135922330097087,0.0,0.12135922330097088,0.6134969325153374,0.003067484662576687,0.0081799591002045,0.03987730061349693,0.03783231083844581,0.06952965235173825,0.012269938650306749,0.05112474437627812,0.06646216768916155,0.0705521472392638,0.003067484662576687,0.0010224948875255625,0.0,0.0,0.0010224948875255625,0.006134969325153374,0.002044989775051125,0.007157464212678937,0.0,0.005112474437627812,0.0,0.0,0.0,0.0,0.002044989775051125
chopin,chpn_op10_e01.mid,69.1301421091997,17.07485730209948,0.2268190589005235,0.4989087999177762,11.987130322810733,-0.017964071856287425,12.917969220784213,2,24.0,101.0,77.0,71.0,0.08695650000000121,3.2313656404110014,0.1353777112939416,0.9992520568436799,0.2236350037397158,0.012715033657442034,0.10471204188481675,0.0344053851907255,0.12041884816753927,0.08152580403889305,0.032909498878085267,0.12789827973074047,0.0381451009723261,0.09424083769633508,0.01720269259536275,0.11219147344801796,0.0748502994011976,0.0,0.004491017964071856,0.023203592814371257,0.009730538922155689,0.061377245508982034,0.059880239520958084,0.07634730538922156,0.0875748502994012,0.08532934131736528,0.029940119760479042,0.0029940119760479044,0.0,0.005988023952095809,0.02694610778443114,0.0815868263473054,0.0815868263473054,0.09880239520958084,0.03817365269461078,0.0561377245508982,0.011976047904191617,0.020958083832335328,0.0037425149700598802,0.0,0.058383233532934134,0.9610683567224989,0.0009053870529651426,0.007243096423721141,0.0018107741059302852,0.001358080579447714,0.012222725215029425,0.004526935264825713,0.002716161158895428,0.004074241738343142,0.0018107741059302852,0.001358080579447714,0.0,0.0,0.0,0.0,0.0,0.0,0.0,0.0,0.0,0.0,0.0,0.0,0.0,0.0009053870529651426
chopin,chpn_op10_e05.mid,71.38871857755979,14.654064341680803,0.15920313861000415,0.18160189476534364,17.849432488569615,-0.03680981595092025,17.27805429945377,2,25.0,99.0,74.0,73.0,0.08888883333333553,2.7293302295459907,0.031269160024524845,0.8626609442060086,0.011649294911097487,0.23850398528510117,0.004904966278356836,0.12568976088289394,0.0061312078479460455,0.028816676885346414,0.2053954629061925,0.004291845493562232,0.19251992642550583,0.004291845493562232,0.14714898835070508,0.030656039239730228,0.2411042944785276,0.0,0.015950920245398775,0.022085889570552148,0.02147239263803681,0.053987730061349694,0.006134969325153374,0.05460122699386503,0.033128834355828224,0.027607361963190184,0.048466257668711654,0.0,0.010429447852760737,0.0,0.027607361963190184,0.04723926380368098,0.03067484662576687,0.05214723926380368,0.005521472392638037,0.03558282208588957,0.008588957055214725,0.023312883435582823,0.011042944785276074,0.0,0.2233128834355828,0.7314195831694849,0.0027526543452615023,0.014549744396382226,0.02595359811246559,0.020841525756979944,0.026740070782540308,0.005898545025560362,0.0184821077467558,0.018088871411718443,0.01533621706645694,0.007078254030672434,0.0,0.0,0.0,0.0031458906802988595,0.018088871411718443,0.019661816751867872,0.014549744396382226,0.003932363350373574,0.013763271726307511,0.007471490365709791,0.01061738104600865,0.005505308690523005,0.0,0.016122689736531654
chopin,chpn_op10_e12.mid,57.536877394636015,14.60313369181366,0.22208838278456255,0.29689493154032826,15.046893766481078,-0.022520364159080018,15.035972542966215,2,24.0,92.0,68.0,55.0,0.11441446874999883,3.2761374573565467,0.16618773946360155,1.0,0.17863984674329503,0.042624521072796934,0.12404214559386974,0.12116858237547892,0.026340996168582376,0.1010536398467433,0.027298850574712645,0.1752873563218391,0.08093869731800767,0.016762452107279693,0.05268199233716475,0.05316091954022988,0.19357930043124102,0.006708193579300431,0.005270723526593196,0.005270723526593196,0.007187350263536177,0.02827024436990896,0.013895543842836608,0.05462386200287494,0.022520364159080018,0.03785337805462386,0.07139434595112602,0.09151892668902731,0.0004791566842357451,0.05270723526593196,0.05174892189746047,0.03545759463344514,0.021082894106372783,0.0637278390033541,0.012458073790129372,0.020124580737901295,0.004791566842357451,0.006229036895064686,0.006229036895064686,0.008145663632007666,0.17872544321993292,0.5946914183357759,0.019703631330402215,0.01579547304999186,0.01481843347988927,0.009444715844325028,0.023123269825761277,0.008467676274222439,0.02784562774792379,0.019703631330402215,0.025077348965966455,0.0356619443087445,0.04364110079791565,0.0,0.03484774466699234,0.022634750040709983,0.014492753623188406,0.010258915486077186,0.027519947891222928,0.006025077348965967,0.011561634912880639,0.00749063670411985,0.0035824784237094938,0.0011398794984530207,0.0006513597134017262,0.021820550398957826
chopin,chpn_op23.mid,64.99502784407319,13.973486626451628,0.32784033344935065,0.35109990087633497,9.320032486219306,-0.0009946290033817386,15.641453310748984,2,26.0,101.0,75.0,65.0,0.2286760000000001,3.4466993963294086,0.250994431185362,0.9401352426412092,0.09188544152744631,0.03579952267303103,0.1435958631662689,0.10202863961813842,0.056682577565632455,0.06284805091487669,0.05767700875099443,0.12987271280827367,0.06483691328560064,0.07915672235481305,0.13961813842482101,0.03599840891010342,0.22478615476427294,0.004774219216232345,0.0053709966182613885,0.02188183807439825,0.02446787348319077,0.02506465088521981,0.024865725084543464,0.04077978913865128,0.041774418142033025,0.04674756315894171,0.03700019892580068,0.02287646707777999,0.006763477222995823,0.023672170280485377,0.017704396260194946,0.04714541476029441,0.035209866719713545,0.03680127312512433,0.02068828327034016,0.030634573304157548,0.017107618858165904,0.022080763875074596,0.01054306743584643,0.005569922418937737,0.20568927789934355,0.5690714978971206,0.009813436859700205,0.01639167475466408,0.0409791868866602,0.03008735037204788,0.02814623099320608,0.030734390164995146,0.029116790682626983,0.028254070958697294,0.03666558826701175,0.012940795858945324,0.005607678205542975,0.0,0.006039038067507819,0.006901757791437506,0.02296991264962795,0.014558395341313491,0.02167583306373342,0.0156367949962256,0.011538876307559582,0.010999676480103526,0.018979833926453145,0.0026959991372802763,0.004529278550630864,0.02566591178690823
chopin,chpn_op25_e1.mid,62.60891089108911,11.345231863323184,0.15456797917791767,0.20974517711131477,17.66617660316885,-0.0031517334533993696,19.0510933901361,3,32.0,92.0,60.0,63.0,0.10164241666667095,3.0795622454440768,0.11116111611161117,0.9981998199819982,0.16831683168316833,0.07965796579657966,0.02115211521152115,0.21242124212421243,0.037803780378037805,0.07065706570657065,0.00765076507650765,0.0711071107110711,0.21737173717371738,0.023402340234023402,0.06930693069306931,0.02115211521152115,0.37145429986492573,0.0,0.005402971634398919,0.02341287708239532,0.010355695632597929,0.0135074290859973,0.0022512381809995496,0.00810445745159838,0.009004952723998198,0.0315173345339937,0.020261143628995948,0.0,0.0009004952723998199,0.00045024763619990995,0.009004952723998198,0.006303466906798739,0.013957676722197209,0.013957676722197209,0.009004952723998198,0.03782080144079244,0.035119315623592974,0.03061683926159388,0.00495272399819901,0.0,0.34263845114813146,0.6803731859018659,0.0034554250172771253,0.011402902557014512,0.044920525224602624,0.03178991015894955,0.05632342778161714,0.018659295093296474,0.04111955770559779,0.0221147201105736,0.05459571527297857,0.029716655148583276,0.0,0.0,0.0,0.002073255010366275,0.0003455425017277125,0.00138217000691085,0.0,0.0,0.0003455425017277125,0.0,0.000691085003455425,0.0,0.0,0.000691085003455425
chopin,chpn_op25_e11.mid,67.81305170239597,16.444048391722358,0.16901521125013128,0.2195594433933476,16.96454900996638,0.005361084831283507,19.395149943511697,2,24.0,101.0,77.0,68.0,0.07923933333333366,3.428646579884578,0.23329129886506939,0.9854981084489282,0.11633039092055486,0.03278688524590164,0.07629255989911728,0.05737704918032787,0.16960907944514503,0.0873266078184111,0.037515762925598994,0.08417402269861286,0.06368221941992434,0.12515762925598992,0.04192938209331652,0.10781841109709962,0.2185430463576159,0.003784295175023652,0.013875748975086723,0.03784295175023652,0.026490066225165563,0.04856512141280353,0.02522863450015768,0.06244087038789026,0.02522863450015768,0.040365815200252286,0.005361084831283507,0.008830022075055188,0.002838221381267739,0.005991800693787449,0.017344686218858405,0.06117943866288237,0.04982655313781142,0.019867549668874173,0.03658152002522864,0.027436140018921477,0.013245033112582781,0.02554399243140965,0.011037527593818985,0.01545253863134658,0.19709870703248186,0.6918725811253349,0.005209883894016076,0.015480797856504911,0.026347127121167015,0.022923489133670736,0.02902649598094671,0.017118189937481394,0.02604941947008038,0.013247990473355165,0.01816016671628461,0.002232807383149747,0.00506103006847276,0.0,0.00461446859184281,0.01473652872878833,0.01860672819291456,0.01696933611193808,0.010419767788032152,0.01562965168204823,0.013247990473355165,0.005954153021732658,0.008335814230425722,0.002977076510866329,0.005358737719559393,0.010419767788032152
chopin,chpn_op25_e12.mid,60.322703113135915,13.395532159461554,0.11137615689936188,0.12383763254315097,19.093706093805178,-0.001139384732244588,14.375874901387531,2,24.0,100.0,76.0,60.0,0.09916666666666885,3.084795522160339,0.14502657555049359,1.0,0.2357630979498861,0.030751708428246014,0.08086560364464693,0.08580106302201974,0.04973424449506454,0.1082004555808656,0.006454062262718299,0.1970387243735763,0.12680334092634776,0.010250569476082005,0.02050113895216401,0.04783599088838269,0.4227117356627421,0.002658564375237372,0.006456513482719331,0.042916824914546146,0.011773642233194076,0.004177744018230156,0.0030383592859855677,0.00037979491074819596,0.00037979491074819596,0.0072161033042157235,0.0007595898214963919,0.0007595898214963919,0.0007595898214963919,0.0,0.0007595898214963919,0.009874667679453095,0.01405241169768325,0.024306874287884542,0.008355488036460312,0.03987846562856058,0.025066464109380935,0.04557538928978352,0.013672616786935056,0.0030383592859855677,0.3114318268135207,0.7892030848329049,0.005141388174807198,0.011568123393316195,0.07519280205655526,0.01992287917737789,0.008354755784061696,0.005141388174807198,0.003213367609254499,0.0012853470437017994,0.012853470437017995,0.0,0.0,0.0,0.0,0.0,0.0006426735218508997,0.0019280205655526992,0.005141388174807198,0.008354755784061696,0.019280205655526992,0.0038560411311053984,0.014138817480719794,0.0012853470437017994,0.0,0.013496143958868894
chopin,chpn_op25_e2.mid,69.51704073150457,9.361334347672585,0.16439437908700472,0.35477398798120796,12.16902167716276,0.0,14.215889495318077,2,42.0,92.0,50.0,72.0,0.10933683333333022,3.2039370784117565,0.13300083125519535,0.9767248545303409,0.20615128844555278,0.13383208645054032,0.00914380714879468,0.0739817123857024,0.05652535328345802,0.1113881961762261,0.00914380714879468,0.11221945137157108,0.1255195344970906,0.015793848711554447,0.10390689941812137,0.04239401496259352,0.2545757071547421,0.004991680532445923,0.0008319467554076539,0.009983361064891847,0.013311148086522463,0.016638935108153077,0.013311148086522463,0.0033277870216306157,0.01747088186356073,0.020798668885191347,0.07903494176372712,0.08402662229617304,0.0033277870216306157,0.09816971713810316,0.016638935108153077,0.029118136439267885,0.018302828618968387,0.014143094841930116,0.0066555740432612314,0.010815307820299502,0.009151414309484194,0.009983361064891847,0.005823627287853577,0.025790349417637273,0.23377703826955074,0.4347627737226277,0.029653284671532845,0.015054744525547446,0.021897810218978103,0.02645985401459854,0.032846715328467155,0.029197080291970802,0.031478102189781025,0.0364963503649635,0.026003649635036496,0.05976277372262774,0.049726277372262775,0.0,0.07436131386861314,0.040145985401459854,0.020072992700729927,0.0018248175182481751,0.0,0.004105839416058394,0.004562043795620438,0.010948905109489052,0.014598540145985401,0.0013686131386861315,0.0,0.03467153284671533
chopin,chpn_op25_e3.mid,65.23922031896042,13.555558615792668,0.17694374859224204,0.25280349442184064,16.240523302519218,-0.018321513002364065,20.190938913382855,2,29.0,101.0,72.0,67.0,0.11204075000000557,3.3932483568000658,0.2528056704075605,0.9864146485528648,0.18192557590076786,0.05375073833431778,0.09037212049616067,0.03544004725339634,0.052569403425871235,0.15948021264028353,0.0637920850561134,0.12049616066154754,0.0490253987005316,0.08860011813349085,0.050797401063201415,0.05375073833431778,0.24763593380614657,0.002364066193853428,0.028959810874704492,0.1057919621749409,0.028368794326241134,0.06382978723404255,0.01182033096926714,0.02364066193853428,0.008274231678486997,0.050236406619385346,0.02186761229314421,0.001182033096926714,0.000591016548463357,0.000591016548463357,0.026595744680851064,0.002955082742316785,0.0017730496453900709,0.010638297872340425,0.0,0.01004728132387707,0.004728132387706856,0.0070921985815602835,0.0,0.001182033096926714,0.3398345153664303,0.5028715003589376,0.011127063890882987,0.04020100502512563,0.08758076094759512,0.04235463029432879,0.09511844938980617,0.009691313711414214,0.07968413496051686,0.02404881550610194,0.0416367552045944,0.008614501076812634,0.0,0.0,0.0,0.0014357501794687725,0.003589375448671931,0.006460875807609476,0.026920315865039485,0.0,0.01722900215362527,0.0014357501794687725,0.0,0.0,0.0,0.0
chopin,chpn_op25_e4.mid,62.67219641672197,11.207343816797547,0.138737220858217,0.24030098737737707,18.155459926581962,0.011288180610889775,15.199094998677971,2,36.0,88.0,52.0,64.0,0.07488024999999965,3.2698541391336216,0.18115461181154613,0.9329794293297943,0.13271400132714,0.0165892501658925,0.0789648307896483,0.033178500331785,0.19840743198407432,0.09090909090909091,0.019907100199071003,0.06702057067020571,0.08626410086264101,0.15262110152621103,0.025215660252156602,0.0982083609820836,0.23705179282868527,0.005312084993359893,0.01593625498007968,0.029880478087649404,0.04316069057104914,0.06640106241699867,0.023240371845949535,0.05444887118193891,0.027224435590969456,0.028552456839309428,0.013944223107569721,0.0013280212483399733,0.0,0.0,0.0033200531208499337,0.03054448871181939,0.04050464807436919,0.05112881806108898,0.020584329349269587,0.04316069057104914,0.04050464807436919,0.025896414342629483,0.006640106241699867,0.0,0.19123505976095617,0.48378191856452724,0.0006901311249137336,0.013457556935817806,0.04830917874396135,0.043478260869565216,0.04727398205659075,0.022084195997239476,0.04209799861973775,0.030710835058661144,0.03554175293305728,0.009316770186335404,0.0003450655624568668,0.0,0.0,0.003105590062111801,0.015527950310559006,0.027605244996549344,0.03899240855762595,0.01518288474810214,0.032091097308488616,0.026915113871635612,0.024844720496894408,0.005521048999309869,0.0003450655624568668,0.032781228433402344
chopin,chpn_op27_1.mid,56.8426209430496,13.178099666801234,0.5186250637566336,1.0567466780870531,5.6372068946612695,0.0,16.297141274637408,2,25.0,88.0,63.0,56.0,0.3272025833333334,3.1849209808411314,0.20514390691977957,0.9485609308022045,0.06736068585425597,0.23086344151867727,0.047764849969381504,0.056338028169014086,0.06429883649724434,0.043478260869565216,0.07103490508266994,0.031230863441518677,0.22841396203306796,0.09675443968156766,0.015309246785058175,0.04715248009797918,0.20404411764705882,0.006740196078431373,0.014705882352941176,0.03308823529411765,0.04534313725490196,0.07659313725490197,0.017769607843137254,0.061274509803921566,0.032475490196078434,0.03676470588235294,0.00857843137254902,0.022058823529411766,0.003676470588235294,0.030637254901960783,0.0055147058823529415,0.010416666666666666,0.013480392156862746,0.023284313725490197,0.007352941176470588,0.06066176470588235,0.018995098039215685,0.011642156862745098,0.014093137254901961,0.009191176470588236,0.23161764705882354,0.649931693989071,0.020491803278688523,0.012978142076502733,0.06181693989071038,0.02971311475409836,0.031420765027322405,0.018442622950819672,0.0351775956284153,0.022540983606557378,0.02424863387978142,0.007855191256830601,0.00819672131147541,0.0,0.01092896174863388,0.00273224043715847,0.00546448087431694,0.012978142076502733,0.0030737704918032786,0.006830601092896175,0.014002732240437158,0.0020491803278688526,0.0034153005464480873,0.005806010928961749,0.0023907103825136613,0.007513661202185792
chopin,chpn_op27_2.mid,66.97433096668487,12.823930421509855,0.4075430298470775,0.6045378023266303,5.896153287437722,0.006557377049180328,17.884082144725127,2,32.0,101.0,69.0,66.0,0.30808937499998024,3.3066718584594286,0.1736755871108684,0.9792463134898962,0.049153468050245765,0.1583833970507919,0.03222282905516111,0.12561441835062806,0.0480611687602403,0.14254505734571274,0.13380666302566904,0.012561441835062807,0.1348989623156745,0.0480611687602403,0.0819224467504096,0.03276897870016385,0.24316939890710382,0.006557377049180328,0.012021857923497269,0.06174863387978142,0.036065573770491806,0.017486338797814208,0.020218579234972677,0.02459016393442623,0.03825136612021858,0.053551912568306013,0.01366120218579235,0.00819672131147541,0.007103825136612022,0.00819672131147541,0.014754098360655738,0.020765027322404372,0.011475409836065573,0.01092896174863388,0.010382513661202186,0.018032786885245903,0.021311475409836064,0.041530054644808745,0.008743169398907104,0.007103825136612022,0.28415300546448086,0.6909705456301304,0.014485755673587638,0.0226943505552873,0.042974408498309996,0.02655721873491067,0.02655721873491067,0.01545147271849348,0.02221149203283438,0.021245774987928536,0.045871559633027525,0.009174311926605505,0.0014485755673587638,0.0,0.0009657170449058426,0.006760019314340898,0.016417189763399325,0.00772573635924674,0.00772573635924674,0.003380009657170449,0.003380009657170449,0.005794302269435055,0.007242877836793819,0.0004828585224529213,0.0,0.0004828585224529213
chopin,chpn_op33_2.mid,62.94464562855665,10.312827513362173,0.2769307262178825,0.20168890237920326,13.520471592180423,0.015010351966873706,13.854885391929278,2,32.0,98.0,66.0,64.0,0.2993709999999936,3.1333799331208105,0.1163993792033109,0.9829280910501811,0.017071908949818936,0.09518882565959648,0.2172788411795137,0.008794619762027936,0.13398861872736678,0.03000517330574237,0.10139679255043973,0.06828763579927574,0.03828246249353337,0.19813760993274704,0.02224521469218831,0.0693222969477496,0.10869565217391304,0.0036231884057971015,0.008799171842650104,0.024844720496894408,0.026397515527950312,0.10455486542443064,0.05538302277432712,0.09679089026915114,0.06780538302277432,0.04503105590062112,0.040372670807453416,0.054865424430641824,0.024844720496894408,0.028467908902691512,0.023291925465838508,0.008799171842650104,0.012422360248447204,0.012939958592132506,0.006211180124223602,0.011387163561076604,0.007246376811594203,0.003105590062111801,0.005693581780538302,0.005693581780538302,0.2127329192546584,0.5012899896800825,0.011609907120743035,0.04437564499484004,0.07714138286893704,0.02889576883384933,0.07507739938080496,0.032249742002063986,0.06836945304437564,0.0456656346749226,0.030959752321981424,0.007997936016511867,0.0,0.0,0.0,0.0015479876160990713,0.007997936016511867,0.009029927760577915,0.009287925696594427,0.011609907120743035,0.011867905056759546,0.010319917440660475,0.0041279669762641896,0.0046439628482972135,0.0,0.005933952528379773
chopin,chpn_op33_4.mid,62.16581986143187,10.937434302958001,0.41360517949095454,0.24697680392944704,6.822609040414865,-0.019870609981515713,14.132756904729348,2,34.0,99.0,65.0,60.0,0.45283000000000584,3.47662249653118,0.3071593533487298,0.9390300230946882,0.045727482678983834,0.08406466512702078,0.08129330254041571,0.07713625866050808,0.10808314087759816,0.06697459584295612,0.13163972286374134,0.0789838337182448,0.05034642032332563,0.03418013856812933,0.0928406466512702,0.14872979214780602,0.16035120147874307,0.0,0.013401109057301294,0.018022181146025877,0.012939001848428836,0.044824399260628464,0.03188539741219963,0.030499075785582256,0.09380776340110905,0.04390018484288355,0.0633086876155268,0.03234750462107209,0.0013863216266173752,0.00878003696857671,0.02911275415896488,0.038817005545286505,0.05499075785582255,0.05314232902033272,0.019870609981515713,0.021256931608133085,0.00831792975970425,0.0036968576709796672,0.010628465804066543,0.010166358595194085,0.19454713493530498,0.3946624803767661,0.0,0.04144427001569859,0.05117739403453689,0.0282574568288854,0.03139717425431711,0.023861852433281004,0.03233908948194662,0.06185243328100471,0.03924646781789639,0.003453689167974882,0.0,0.0,0.0,0.0009419152276295133,0.023861852433281004,0.03390894819466248,0.049921507064364205,0.015070643642072213,0.006279434850863423,0.021350078492935635,0.03422291993720565,0.017582417582417582,0.0031397174254317113,0.08602825745682889
chopin,chpn_op35_1.mid,62.44638403990025,13.371146546072218,0.2573404628510563,0.3528544393147781,14.309881112628657,0.00017815784785319794,16.529708069254376,2,24.0,100.0,76.0,63.0,0.15707404166668937,3.492808765718259,0.270573566084788,0.9641966512290702,0.0995724973281083,0.11097256857855362,0.053081581759886,0.09547559672247952,0.050944068400427506,0.13359458496615603,0.0773067331670823,0.06733167082294264,0.09476309226932668,0.06679729248307802,0.11774136088350552,0.032418952618453865,0.25690361660431144,0.0046321040441831465,0.013361838588989846,0.03812577944058436,0.04008551576696953,0.04008551576696953,0.03010867628719045,0.04133262070194192,0.04828077676821664,0.03384999109210761,0.01906288972029218,0.0007126313914127917,0.003206841261357563,0.011936575806164262,0.015856048458934617,0.027258150721539285,0.017637626937466594,0.034206306787814,0.01870657402458578,0.027970782112952074,0.011045786566898272,0.014430785676109033,0.013183680741136647,0.002137894174238375,0.23588099055763406,0.5908600568794744,0.006276355790918898,0.026282239874472885,0.05354516034127685,0.037756202804746494,0.04010983622634108,0.02745905658527018,0.036677454153182305,0.039521427870942434,0.03197018730999313,0.009022261449445915,0.0007845444738648623,0.0,0.0006864764146317545,0.005393743257820928,0.013141119937236443,0.009316465627145238,0.01588702559576346,0.010101010101010102,0.011768167107972934,0.005589879376287144,0.005099539080121605,0.0038246543100912034,0.00019613611846621556,0.018730999313523584
chopin,chpn_op35_2.mid,59.359371727748695,11.599939683136046,0.34558169164005226,0.3843021958888177,12.151806075258628,-0.005865102639296188,13.74525729058268,3,24.0,100.0,76.0,60.0,0.2813860000000048,3.347700632188033,0.17549738219895283,0.9976963350785341,0.034973821989528794,0.1637696335078534,0.03329842931937173,0.11581151832460733,0.02680628272251309,0.10073298429319372,0.147434554973822,0.020523560209424085,0.11036649214659686,0.05989528795811518,0.09989528795811518,0.08649214659685864,0.20695433598659405,0.0020946795140343527,0.01152073732718894,0.029534981147884373,0.022413070800167575,0.06367825722664433,0.026811897779639715,0.1003351487222455,0.03728529534981148,0.06451612903225806,0.04294093003770423,0.010263929618768328,0.0025136154168412233,0.003770423125261835,0.018433179723502304,0.02346041055718475,0.024088814411395057,0.019271051529116047,0.015291160452450775,0.02262253875157101,0.008378718056137411,0.024298282362798494,0.01193967322999581,0.0033514872224549644,0.2042312526183494,0.4866589327146172,0.008023975251353442,0.024265274555297756,0.05916473317865429,0.05626450116009281,0.04814385150812065,0.03296597061098221,0.06225831399845321,0.03441608662026296,0.05568445475638051,0.021461716937354988,0.005510440835266821,0.0,0.00019334880123743234,0.005413766434648105,0.011214230471771076,0.012180974477958236,0.015177880897138438,0.009764114462490333,0.011214230471771076,0.0037703016241299302,0.008410672853828306,0.007250580046403712,0.0,0.020591647331786544
chopin,chpn_op35_3.mid,56.85990545767082,14.038658780077489,0.7528924039544826,0.4942989354953646,5.167694016267733,-0.010318142734307825,16.524711846760766,2,25.0,89.0,64.0,58.0,0.8035717500000032,2.9361453010451197,0.04469273743016755,0.9785131070047272,0.07477438762354964,0.20068758057584873,0.005156854318865492,0.0782122905027933,0.010313708637730984,0.16759776536312848,0.12806188225182638,0.013751611516974646,0.10528577567683713,0.015470562956596476,0.20068758057584873,0.0,0.18658641444539983,0.0008598452278589854,0.005588993981083405,0.012037833190025795,0.023215821152192607,0.10146173688736028,0.009888220120378332,0.10963026655202064,0.034393809114359415,0.024505588993981083,0.04256233877901978,0.018056749785038694,0.020206362854686157,0.028374892519346516,0.030954428202923472,0.018486672398968184,0.009458297506448839,0.018486672398968184,0.01633705932932072,0.026655202063628546,0.021926053310404127,0.017196904557179708,0.009888220120378332,0.004729148753224419,0.20851246775580395,0.6480269680745588,0.008724965298433472,0.02895102121752925,0.04322823716042039,0.027364663890541343,0.062462819750148724,0.013285742613523697,0.06147134642078128,0.026373190561173904,0.016260162601626018,0.008130081300813009,0.001586357326987904,0.0,0.000793178663493952,0.001388062661114416,0.012294269284156256,0.007336902637319056,0.007733491969066032,0.003767598651596272,0.005552250644457664,0.005552250644457664,0.004164187983343248,0.000793178663493952,0.000793178663493952,0.00396589331746976
chopin,chpn_op35_4.mid,56.88920454545455,10.296165296934461,0.11540363392755648,0.034736737932740125,21.128054645103177,0.0045480386583285955,12.437677806972998,2,29.0,94.0,65.0,57.0,0.11090891666666458,3.4657552577952178,0.2488636363636364,1.0,0.11136363636363636,0.11988636363636364,0.03409090909090909,0.1125,0.053409090909090906,0.13295454545454546,0.09090909090909091,0.05,0.06477272727272727,0.0659090909090909,0.11875,0.045454545454545456,0.4991472427515634,0.0,0.0,0.0,0.0,0.0,0.0,0.0005685048322910744,0.0005685048322910744,0.0,0.0,0.0,0.0034110289937464467,0.0,0.0017055144968732233,0.01648664013644116,0.007390562819783968,0.007959067652075043,0.007390562819783968,0.03467879476975554,0.023877202956225127,0.015349630471859011,0.06083001705514497,0.054576463899943146,0.26606026151222284,0.42902881536819637,0.05096051227321238,0.03922091782283885,0.044823906083244394,0.02054429028815368,0.029882604055496264,0.010138740661686232,0.030683030949839915,0.02454642475987193,0.0240128068303095,0.040288153681963715,0.04055496264674493,0.0,0.06136606189967983,0.03735325506937033,0.05149413020277481,0.011739594450373533,0.0240128068303095,0.005869797225186766,0.005602988260405549,0.0061366061899679825,0.0096051227321238,0.0016008537886872999,0.0,0.0005336179295624333
chopin,chpn_op53.mid,61.220918704560475,14.796815271641409,0.212564693621599,0.160727945080609,16.761377231569234,-0.005123120145430507,15.952907690710962,2,24.0,99.0,75.0,61.0,0.16657424999999648,3.4163796367465156,0.2293456708526107,0.988433575677462,0.11037673496364839,0.1002974223397224,0.03750826173165896,0.17267019167217448,0.06658955717118308,0.10575016523463318,0.027924653007270324,0.07931262392597488,0.1047587574355585,0.028420356906807668,0.09748843357567746,0.06890284203569068,0.2971409684349694,0.002974714923153198,0.01123781193191208,0.0310692447529334,0.030573458932407867,0.030738720872583045,0.017352503718393655,0.03949760370186746,0.04495124772764832,0.051892249215005785,0.027764005949429845,0.019335647000495785,0.0072715253677078165,0.01900512312014543,0.016691455957692943,0.022971409684349693,0.013055693273839035,0.0155346223764667,0.006610477607007106,0.013716741034539745,0.008593620889109237,0.010742026111386548,0.027268220128904314,0.019170385060320608,0.21484052222773095,0.6366320830007981,0.007342378292098962,0.0189146049481245,0.04078212290502793,0.03735035913806863,0.043335993615323226,0.019632881085395053,0.03256185155626497,0.0335195530726257,0.03335993615323224,0.010135674381484437,0.0015961691939345571,0.0,0.0003990422984836393,0.005666400638467677,0.011332801276935355,0.006544293695131684,0.010534716679968076,0.003830806065442937,0.005746209098164406,0.008619313647246609,0.0067039106145251395,0.0018355945730247406,0.0,0.023623304070231443
chopin,chpn_op66.mid,64.6311475409836,11.645699142568267,0.18304111545628404,0.28369615124044095,11.11393937148932,0.0016398819285011479,17.861176997954068,2,31.0,100.0,69.0,64.0,0.11730325000000619,3.2069894358363586,0.180983606557377,0.9554098360655737,0.06,0.18131147540983605,0.009180327868852459,0.13672131147540983,0.0740983606557377,0.04360655737704918,0.10918032786885246,0.02,0.21180327868852458,0.07081967213114754,0.04819672131147541,0.035081967213114754,0.32076090521482453,0.0013119055428009183,0.0026238110856018366,0.014102984585109873,0.02492620531321745,0.020990488684814693,0.014102984585109873,0.020662512299114463,0.021318465070514922,0.018694653984913087,0.022630370613315843,0.04034109544112824,0.0006559527714004591,0.005903574942604133,0.012463102656608724,0.011151197113807805,0.02361429977041653,0.020990488684814693,0.00754345687110528,0.05247622171203673,0.013119055428009183,0.017054772056411937,0.0045916693998032145,0.003935716628402755,0.3040341095441128,0.8636023916292974,0.006726457399103139,0.0085949177877429,0.026905829596412557,0.026158445440956652,0.022795216741405083,0.004484304932735426,0.007473841554559043,0.010089686098654708,0.012705530642750373,0.0014947683109118087,0.0003736920777279522,0.0,0.0,0.0003736920777279522,0.0003736920777279522,0.0,0.0014947683109118087,0.0007473841554559044,0.0003736920777279522,0.0007473841554559044,0.0007473841554559044,0.0,0.0,0.0037369207772795215
chopin,chpn_op7_1.mid,64.19365337672905,12.602062112384976,0.300665824450773,0.1878813606344173,8.946139689205557,-0.015472312703583062,17.32635360764582,2,39.0,86.0,47.0,63.0,0.3338206250000013,3.0707724565344203,0.1187957689178194,0.8966639544344996,0.12530512611879577,0.05370219690805533,0.11065907241659886,0.08787632221318145,0.029292107404393815,0.22457282343368593,0.03580146460537022,0.07078925956061839,0.0,0.07567127746135069,0.18633034987794955,0.0,0.20602605863192183,0.016286644951140065,0.029315960912052116,0.039902280130293157,0.017915309446254073,0.03664495114006515,0.013029315960912053,0.013843648208469055,0.02687296416938111,0.011400651465798045,0.08469055374592833,0.02768729641693811,0.006514657980456026,0.006514657980456026,0.04723127035830619,0.06351791530944625,0.05374592833876222,0.04804560260586319,0.004885993485342019,0.04560260586319218,0.0,0.004885993485342019,0.0016286644951140066,0.0016286644951140066,0.19218241042345277,0.6118614210217264,0.024662360540223135,0.023487962419260128,0.051673517322372284,0.009395184967704051,0.0369935408103347,0.03992953611274222,0.009982384028185555,0.026423957721667644,0.0,0.017615971814445096,0.0,0.0,0.0,0.0,0.024662360540223135,0.024662360540223135,0.028185554903112156,0.0,0.021139166177334117,0.0035231943628890195,0.024662360540223135,0.021139166177334117,0.0,0.0
chopin,chpn_op7_2.mid,63.76056338028169,9.251426940113241,0.379001966057374,0.22309375183819574,7.526143561225318,-0.03565505804311774,12.44908259297527,2,33.0,90.0,57.0,65.0,0.42782000000000053,3.3868282184076675,0.24109362054681027,0.9146644573322287,0.053852526926263466,0.07539353769676885,0.164043082021541,0.03396851698425849,0.13587406793703397,0.08367854183927093,0.05965202982601491,0.04888152444076222,0.07290803645401822,0.14415907207953604,0.020712510356255178,0.10687655343827672,0.1791044776119403,0.0,0.013266998341625208,0.02404643449419569,0.04560530679933665,0.03316749585406302,0.03897180762852405,0.014925373134328358,0.04809286898839138,0.03980099502487562,0.03897180762852405,0.02570480928689884,0.0024875621890547263,0.03150912106135987,0.020729684908789386,0.06135986733001658,0.03814262023217247,0.03814262023217247,0.03565505804311774,0.03897180762852405,0.015754560530679935,0.02736318407960199,0.02404643449419569,0.009950248756218905,0.15422885572139303,0.4937685459940653,0.002373887240356083,0.02967359050445104,0.07299703264094956,0.0486646884272997,0.039762611275964393,0.03323442136498516,0.020771513353115726,0.032640949554896145,0.03798219584569733,0.010089020771513354,0.0,0.0,0.0,0.002373887240356083,0.03916913946587537,0.027299703264094956,0.017210682492581602,0.02433234421364985,0.018991097922848664,0.017804154302670624,0.010682492581602374,0.017804154302670624,0.0011869436201780415,0.0011869436201780415
grieg,grieg_album.mid,70.0,12.529072630183158,0.42088333212193335,0.5600098453960616,8.144468723107892,-0.0026298487836949377,11.848595305093438,2,36.0,96.0,60.0,70.0,0.20524050000000216,3.3935579296415863,0.21024967148488827,0.938239159001314,0.10643889618922471,0.08147174770039421,0.12220762155059132,0.024967148488830485,0.1011826544021025,0.11432325886990802,0.0328515111695138,0.10906701708278581,0.022339027595269383,0.08409986859395532,0.15243101182654403,0.04862023653088042,0.10585141354372124,0.006574621959237344,0.014464168310322156,0.040105193951347796,0.036817882971729124,0.03418803418803419,0.047337278106508875,0.03287310979618672,0.044707429322813935,0.09204470742932282,0.023668639053254437,0.006574621959237344,0.0039447731755424065,0.055226824457593686,0.05851413543721236,0.08941485864562787,0.024983563445101907,0.03155818540433925,0.022353714661406968,0.04930966469428008,0.013806706114398421,0.023011176857330704,0.011834319526627219,0.0013149243918474688,0.1295200525969757,0.6555240793201134,0.020396600566572238,0.027762039660056657,0.04362606232294618,0.039093484419263455,0.038526912181303115,0.020963172804532578,0.018130311614730877,0.019263456090651557,0.028895184135977338,0.0011331444759206798,0.0011331444759206798,0.0,0.0,0.0011331444759206798,0.027762039660056657,0.0056657223796034,0.0011331444759206798,0.0056657223796034,0.014730878186968839,0.0050991501416430595,0.006798866855524079,0.0084985835694051,0.0,0.009065155807365438
grieg,grieg_berceuse.mid,65.08333333333333,11.369439414587205,0.6807812965453579,0.5534624383148312,5.977793893970608,0.012671594508975714,13.498478460185456,2,31.0,91.0,60.0,66.0,0.49302400000000013,3.2828696661182817,0.20253164556962022,0.9989451476793249,0.09282700421940929,0.04852320675105485,0.19725738396624473,0.046413502109704644,0.07172995780590717,0.024261603375527425,0.07911392405063292,0.18143459915611815,0.006329113924050633,0.09177215189873418,0.0770042194092827,0.08333333333333333,0.2016895459345301,0.008447729672650475,0.007391763463569166,0.026399155227032733,0.030623020063357972,0.023231256599788808,0.01583949313621964,0.023231256599788808,0.024287222808870117,0.01689545934530095,0.006335797254487857,0.006335797254487857,0.0010559662090813093,0.005279831045406547,0.04329461457233368,0.0559662090813094,0.02006335797254488,0.048574445617740235,0.03801478352692714,0.10454065469904963,0.04012671594508976,0.0897571277719113,0.03484688489968321,0.0,0.12777191129883844,0.5215751989945538,0.012568077084206116,0.012987012987012988,0.043150397989107664,0.04524507750314202,0.020527859237536656,0.028906577293674067,0.03896103896103896,0.018852115626309174,0.05069124423963134,0.01717637201508169,0.0,0.0,0.0,0.007959782153330541,0.018014243820695434,0.018433179723502304,0.018014243820695434,0.013405948889819858,0.03016338500209468,0.01466275659824047,0.040636782572266446,0.012987012987012988,0.0,0.01508169250104734
grieg,grieg_brooklet.mid,65.27944111776448,12.738284631886927,0.10323030044632961,0.10272281035532649,18.0435409000591,0.004660452729693742,13.426650549978289,2,35.0,95.0,60.0,67.0,0.08737237500000106,3.2621731639397615,0.19427811044577514,0.8762475049900199,0.03592814371257485,0.06786427145708583,0.09713905522288756,0.01996007984031936,0.10778443113772455,0.027944111776447105,0.2155688622754491,0.16966067864271456,0.03127079174983367,0.04524284763805722,0.07917498336660013,0.10246174318030606,0.22303595206391477,0.009986684420772303,0.010652463382157125,0.015312916111850865,0.020639147802929428,0.05059920106524634,0.017310252996005325,0.041944074567243674,0.05992010652463382,0.07456724367509987,0.017976031957390146,0.02463382157123835,0.002663115845539281,0.0,0.002663115845539281,0.013981358189081226,0.017976031957390146,0.011318242343541944,0.013981358189081226,0.035286284953395475,0.002663115845539281,0.02529960053262317,0.02596537949400799,0.012649800266311585,0.26897470039946736,0.4876632801161103,0.010159651669085631,0.027576197387518143,0.045718432510885344,0.10304789550072568,0.10740203193033382,0.020319303338171262,0.04281567489114659,0.062409288824383166,0.07039187227866474,0.00725689404934688,0.0,0.0,0.0,0.001451378809869376,0.002902757619738752,0.000725689404934688,0.002902757619738752,0.0,0.00362844702467344,0.0021770682148040637,0.001451378809869376,0.0,0.0,0.0
grieg,grieg_butterfly.mid,66.92956243329776,11.125621641313074,0.1638843513384918,0.13022069582155682,9.672328486139735,-0.060897435897435896,12.380347366047955,2,21.0,93.0,72.0,69.0,0.12375444999999985,3.35741779689962,0.18676627534685164,0.7929562433297759,0.0288153681963714,0.13340448239060831,0.0832443970117396,0.048025613660619,0.13660618996798293,0.020277481323372464,0.15795090715048027,0.04909284951974386,0.0672358591248666,0.10458911419423693,0.04055496264674493,0.13020277481323372,0.17414529914529914,0.002136752136752137,0.013888888888888888,0.026709401709401708,0.008547008547008548,0.009615384615384616,0.029914529914529916,0.06623931623931624,0.038461538461538464,0.056623931623931624,0.014957264957264958,0.010683760683760684,0.00641025641025641,0.09615384615384616,0.02564102564102564,0.01282051282051282,0.026709401709401708,0.04487179487179487,0.02564102564102564,0.05448717948717949,0.042735042735042736,0.030982905982905984,0.023504273504273504,0.00641025641025641,0.1517094017094017,0.48066298342541436,0.007366482504604052,0.014732965009208104,0.06998158379373849,0.03314917127071823,0.05156537753222836,0.06261510128913444,0.07734806629834254,0.06629834254143646,0.09208103130755065,0.003683241252302026,0.0,0.0,0.0,0.0,0.0,0.014732965009208104,0.011049723756906077,0.0,0.007366482504604052,0.0,0.0,0.0,0.003683241252302026,0.003683241252302026
grieg,grieg_elfentanz.mid,67.56849315068493,8.788931032173892,0.09487983193778521,0.051386418807985335,13.513247034216516,-0.006858710562414266,8.700706001220858,2,40.0,88.0,48.0,69.0,0.0663541249999966,2.9687284254940556,0.13835616438356169,0.815068493150685,0.04246575342465753,0.052054794520547946,0.0547945205479452,0.028767123287671233,0.21506849315068494,0.0013698630136986301,0.13287671232876713,0.13835616438356163,0.0013698630136986301,0.0273972602739726,0.06438356164383562,0.2410958904109589,0.102880658436214,0.0027434842249657062,0.0054869684499314125,0.04252400548696845,0.010973936899862825,0.056241426611796985,0.04663923182441701,0.0823045267489712,0.08916323731138547,0.08641975308641975,0.010973936899862825,0.006858710562414266,0.015089163237311385,0.03017832647462277,0.027434842249657063,0.04663923182441701,0.027434842249657063,0.02880658436213992,0.015089163237311385,0.039780521262002745,0.01646090534979424,0.06721536351165981,0.012345679012345678,0.00411522633744856,0.1262002743484225,0.26666666666666666,0.0,0.010884353741496598,0.11428571428571428,0.02857142857142857,0.12108843537414966,0.02585034013605442,0.09795918367346938,0.10204081632653061,0.08571428571428572,0.0013605442176870747,0.0,0.0,0.0,0.0,0.02585034013605442,0.02585034013605442,0.0326530612244898,0.014965986394557823,0.017687074829931974,0.0,0.024489795918367346,0.0,0.0,0.004081632653061225
grieg,grieg_halling.mid,66.23762376237623,11.878634213963249,0.3257525377165844,0.27386694298722924,7.920433132414751,-0.13895781637717122,12.8530749004946,2,31.0,93.0,62.0,67.0,0.20693487499999996,2.844366157251586,0.09405940594059403,0.9108910891089109,0.0594059405940594,0.0,0.24752475247524752,0.0594059405940594,0.0,0.09900990099009901,0.09405940594059406,0.15841584158415842,0.0,0.16831683168316833,0.11386138613861387,0.0,0.1588089330024814,0.0,0.0,0.009925558312655087,0.05955334987593052,0.09925558312655088,0.0,0.0,0.04962779156327544,0.02977667493796526,0.02977667493796526,0.03970223325062035,0.019851116625310174,0.052109181141439205,0.09925558312655088,0.03970223325062035,0.03970223325062035,0.03722084367245657,0.02977667493796526,0.0,0.019851116625310174,0.02481389578163772,0.0,0.0,0.16129032258064516,0.3135048231511254,0.02572347266881029,0.012861736334405145,0.05787781350482315,0.05305466237942122,0.12218649517684887,0.008038585209003215,0.09807073954983923,0.03858520900321544,0.01929260450160772,0.03858520900321544,0.001607717041800643,0.0,0.0,0.05787781350482315,0.05787781350482315,0.012861736334405145,0.03697749196141479,0.0,0.03858520900321544,0.006430868167202572,0.0,0.0,0.0,0.0
grieg,grieg_kobold.mid,62.87586206896552,13.217638559304884,0.10523856561781582,0.21094223881126997,17.16971274051949,0.02139406487232574,12.823060252804684,2,32.0,90.0,58.0,65.0,0.07731950000000154,3.4761359008116473,0.3310344827586207,0.9310344827586207,0.07310344827586207,0.0496551724137931,0.07517241379310345,0.08827586206896551,0.08551724137931034,0.09793103448275862,0.05586206896551724,0.07310344827586207,0.11586206896551725,0.02413793103448276,0.11724137931034483,0.14413793103448275,0.15113871635610765,0.00966183574879227,0.005521048999309869,0.010351966873706004,0.0,0.05106970324361629,0.026915113871635612,0.04485852311939269,0.0821256038647343,0.12560386473429952,0.024844720496894408,0.03036576949620428,0.008281573498964804,0.00966183574879227,0.043478260869565216,0.031746031746031744,0.015873015873015872,0.031746031746031744,0.005521048999309869,0.07177363699102829,0.011042097998619738,0.023464458247066944,0.020013802622498276,0.013802622498274672,0.15113871635610765,0.4440753045404208,0.009966777408637873,0.0221483942414175,0.06976744186046512,0.018826135105204873,0.08637873754152824,0.03765227021040975,0.05537098560354374,0.07475083056478406,0.09966777408637874,0.0011074197120708748,0.0011074197120708748,0.0,0.0,0.0,0.02547065337763012,0.01273532668881506,0.0027685492801771874,0.0,0.03820598006644518,0.0,0.0,0.0,0.0,0.0
grieg,grieg_march.mid,63.21832144816237,14.437204104319171,0.23405160652998708,0.306026925888576,10.093102223943886,0.0,10.11877866486347,2,29.0,96.0,67.0,64.0,0.18738299999999697,3.1079931465689223,0.08337904552934727,0.927591881513988,0.1832144816236972,0.012068019747668678,0.14975315414152496,0.02852441031267142,0.1442676906198574,0.11738891936368623,0.010970927043335162,0.13274821722435545,0.03181568842567197,0.09325287986834888,0.0,0.09599561162918267,0.11855104281009879,0.007683863885839737,0.0060373216245883645,0.038419319429198684,0.03567508232711306,0.06695938529088913,0.015916575192096598,0.050493962678375415,0.04500548847420417,0.06695938529088913,0.03896816684961581,0.012074643249176729,0.0,0.02305159165751921,0.07793633369923161,0.07958287596048298,0.06366630076838639,0.03951701427003293,0.003293084522502744,0.04610318331503842,0.00823271130625686,0.012074643249176729,0.005488474204171241,0.0043907793633369925,0.13391877058177826,0.4409090909090909,0.016558441558441557,0.019155844155844155,0.05844155844155844,0.03409090909090909,0.07305194805194805,0.01948051948051948,0.06493506493506493,0.039285714285714285,0.03831168831168831,0.03603896103896104,0.012987012987012988,0.0,0.003246753246753247,0.003246753246753247,0.03279220779220779,0.024025974025974027,0.007792207792207792,0.0035714285714285713,0.03961038961038961,0.0025974025974025974,0.0042207792207792205,0.001948051948051948,0.003246753246753247,0.020454545454545454
grieg,grieg_once_upon_a_time.mid,65.2385496183206,12.591030974496041,0.6102097091947629,0.5527211204287252,6.1494235579939325,-0.02737110120942075,12.075031264550738,2,28.0,95.0,67.0,66.0,0.5581240687500042,3.4284715760936204,0.2379134860050891,0.9961832061068703,0.1049618320610687,0.03435114503816794,0.06297709923664122,0.062340966921119595,0.11068702290076336,0.06997455470737914,0.12150127226463105,0.08587786259541985,0.03625954198473282,0.11450381679389313,0.03498727735368957,0.16157760814249364,0.13303628262253342,0.0,0.008911521323997454,0.019096117122851686,0.018459579885423297,0.0789306174411203,0.0038192234245703373,0.10311903246339911,0.10757479312539783,0.09993634627625717,0.006365372374283896,0.008274984086569064,0.0038192234245703373,0.015276893698281349,0.03437301082113304,0.020369191597708464,0.037555697008274984,0.021005728835136857,0.005092297899427116,0.06619987269255251,0.025461489497135583,0.01336728198599618,0.007001909611712286,0.003182686187141948,0.15977084659452578,0.4908071050171393,0.01121844811467747,0.021190401994390776,0.060143346837020877,0.047366780928638205,0.0885010906824556,0.017450919289498285,0.08289186662511686,0.045808663134933,0.04923652228108445,0.00373948270489249,0.00747896540978498,0.0,0.0009348706762231225,0.0021813649111872857,0.011530071673418511,0.008413836086008103,0.007790588968526021,0.0009348706762231225,0.024306637581801183,0.007790588968526021,0.0031162355874104083,0.0006232471174820816,0.0006232471174820816,0.005920847616079776
grieg,grieg_spring.mid,70.57810578105781,11.501552934502781,0.3551030442381612,0.47856332960958153,10.426663254944033,-0.009846153846153846,12.273294146524012,3,30.0,102.0,72.0,73.0,0.2508911999999981,3.20042078548438,0.16851168511685122,0.9956949569495694,0.013530135301353014,0.14575645756457564,0.0897908979089791,0.07503075030750307,0.016605166051660517,0.08487084870848709,0.2066420664206642,0.005535055350553505,0.07380073800738007,0.04305043050430504,0.14944649446494465,0.0959409594095941,0.128,0.0,0.0018461538461538461,0.011076923076923076,0.01353846153846154,0.02707692307692308,0.015384615384615385,0.07753846153846154,0.15569230769230769,0.10338461538461538,0.0024615384615384616,0.008615384615384615,0.008615384615384615,0.0024615384615384616,0.006153846153846154,0.0683076923076923,0.04676923076923077,0.03323076923076923,0.01353846153846154,0.021538461538461538,0.033846153846153845,0.039384615384615386,0.020307692307692308,0.008,0.15323076923076923,0.349764608141789,0.004707837164220438,0.009969537524231515,0.05566325117695929,0.06563278870119081,0.06812517308224869,0.026585433397950706,0.06203267792855165,0.11464968152866242,0.07338687344225976,0.003600110772639158,0.0030462475768485184,0.0,0.00027693159789531985,0.006923289947382997,0.0362780393242869,0.01744669066740515,0.023816117418997508,0.008307947936859596,0.013015785101080033,0.021323733037939628,0.010246469122126834,0.0030462475768485184,0.0,0.022154527831625588
grieg,grieg_voeglein.mid,68.48394495412845,13.591930250099708,0.14014758820718676,0.16036854817146315,9.24433839620881,-0.06314580941446613,9.037587473901961,2,26.0,100.0,74.0,70.0,0.09709999999999752,3.175946266712071,0.12729357798165142,0.8405963302752294,0.07110091743119266,0.0481651376146789,0.1731651376146789,0.022935779816513763,0.15022935779816513,0.10321100917431193,0.017201834862385322,0.05619266055045872,0.016055045871559634,0.2029816513761468,0.1158256880733945,0.022935779816513763,0.05281285878300804,0.001148105625717566,0.009184845005740528,0.02525832376578645,0.07003444316877153,0.13892078071182548,0.021814006888633754,0.09070034443168772,0.04707233065442021,0.04362801377726751,0.04477611940298507,0.006888633754305396,0.018369690011481057,0.001148105625717566,0.06199770378874857,0.04707233065442021,0.04247990815154994,0.011481056257175661,0.02870264064293915,0.03673938002296211,0.04362801377726751,0.040183696900114814,0.02525832376578645,0.004592422502870264,0.08610792192881746,0.2786885245901639,0.0,0.0416141235813367,0.01639344262295082,0.11853720050441362,0.15384615384615385,0.07692307692307693,0.11349306431273644,0.03656998738965952,0.018915510718789406,0.008827238335435058,0.0,0.0,0.0025220680958385876,0.029003783102143757,0.027742749054224466,0.005044136191677175,0.0037831021437578815,0.0025220680958385876,0.012610340479192938,0.0037831021437578815,0.0037831021437578815,0.029003783102143757,0.0,0.01639344262295082
grieg,grieg_waechter.mid,59.664092664092664,9.319464428116811,0.796552087387388,0.6548283584868068,3.325851979208429,-0.02321083172147002,10.800254444851676,2,40.0,77.0,37.0,60.0,0.6481579999999987,3.2303970123644574,0.16602316602316602,1.0,0.05405405405405406,0.10231660231660232,0.007722007722007722,0.07142857142857142,0.1969111969111969,0.05019305019305019,0.08108108108108109,0.04247104247104247,0.07722007722007722,0.11583011583011583,0.011583011583011582,0.1891891891891892,0.17408123791102514,0.01160541586073501,0.005802707930367505,0.0367504835589942,0.027079303675048357,0.05222437137330754,0.0,0.08123791102514506,0.06382978723404255,0.08704061895551257,0.007736943907156673,0.0,0.01160541586073501,0.0,0.02321083172147002,0.03288201160541586,0.05609284332688588,0.03481624758220503,0.0038684719535783366,0.030947775628626693,0.02127659574468085,0.019342359767891684,0.04061895551257253,0.013539651837524178,0.1644100580270793,0.4152777777777778,0.008333333333333333,0.02638888888888889,0.05694444444444444,0.041666666666666664,0.09305555555555556,0.013888888888888888,0.09583333333333334,0.06805555555555555,0.05555555555555555,0.001388888888888889,0.0,0.0,0.0,0.004166666666666667,0.019444444444444445,0.02361111111111111,0.019444444444444445,0.002777777777777778,0.025,0.013888888888888888,0.008333333333333333,0.004166666666666667,0.0,0.002777777777777778
grieg,grieg_walzer.mid,62.96650717703349,8.386620377530305,0.4778018064825894,0.488887518792657,5.839586686441335,-0.019169329073482427,9.64363170889592,2,33.0,76.0,43.0,64.0,0.41237100000000027,3.045863146826539,0.17065390749601272,0.9521531100478469,0.1547049441786284,0.04784688995215311,0.0733652312599681,0.004784688995215311,0.26156299840510366,0.044657097288676235,0.06379585326953748,0.0430622009569378,0.0733652312599681,0.17703349282296652,0.0,0.05582137161084529,0.10223642172523961,0.0,0.025559105431309903,0.025559105431309903,0.07507987220447285,0.03514376996805112,0.03035143769968051,0.0463258785942492,0.03194888178913738,0.07348242811501597,0.052715654952076675,0.0,0.04313099041533546,0.025559105431309903,0.05750798722044728,0.02875399361022364,0.020766773162939296,0.03194888178913738,0.01597444089456869,0.04313099041533546,0.07028753993610223,0.01757188498402556,0.01597444089456869,0.004792332268370607,0.12619808306709265,0.3093126385809313,0.0066518847006651885,0.052106430155210645,0.06097560975609756,0.08869179600886919,0.08093126385809313,0.03547671840354767,0.058758314855875834,0.07760532150776053,0.07095343680709534,0.03325942350332594,0.0033259423503325942,0.0,0.0,0.008869179600886918,0.015521064301552107,0.0066518847006651885,0.017738359201773836,0.008869179600886918,0.01662971175166297,0.03325942350332594,0.004434589800443459,0.0066518847006651885,0.0,0.0033259423503325942
grieg,grieg_wanderer.mid,65.04481132075472,9.71700374379124,0.9246544207547163,0.7485583755084839,4.182125654135253,-0.0851063829787234,12.311840211188812,2,35.0,83.0,48.0,66.0,0.6185564999999968,3.135320053349668,0.1367924528301887,1.0,0.0047169811320754715,0.1391509433962264,0.1320754716981132,0.02830188679245283,0.08490566037735849,0.03773584905660377,0.24764150943396226,0.07547169811320754,0.009433962264150943,0.05660377358490566,0.05660377358490566,0.12735849056603774,0.1938534278959811,0.0,0.0,0.07092198581560284,0.05673758865248227,0.061465721040189124,0.02364066193853428,0.061465721040189124,0.08983451536643026,0.09456264775413711,0.02127659574468085,0.0070921985815602835,0.004728132387706856,0.002364066193853428,0.002364066193853428,0.0,0.004728132387706856,0.0,0.0,0.014184397163120567,0.002364066193853428,0.01182033096926714,0.04728132387706856,0.04728132387706856,0.18203309692671396,0.39953271028037385,0.02336448598130841,0.02219626168224299,0.10630841121495327,0.05724299065420561,0.07710280373831775,0.07476635514018691,0.0630841121495327,0.04906542056074766,0.07476635514018691,0.0035046728971962616,0.004672897196261682,0.0,0.002336448598130841,0.002336448598130841,0.002336448598130841,0.004672897196261682,0.009345794392523364,0.0,0.014018691588785047,0.0,0.0,0.0,0.0,0.009345794392523364
grieg,grieg_wedding.mid,63.785788651743886,13.537142150790903,0.2957101785365699,0.3622898307411103,11.642342218962813,-0.004946628482166103,13.88155071117244,2,26.0,95.0,69.0,66.0,0.21001049999999566,3.42857645367462,0.2527329515877147,0.967725143154607,0.068974492451848,0.04789172306090578,0.15720978656949505,0.07183758459135867,0.07131702238417491,0.029672045809474232,0.09552316501821968,0.1140031233732431,0.07235814679854242,0.1441957313899011,0.030973451327433628,0.09604372722540344,0.15438687841707888,0.0018224420723769851,0.015360583181463161,0.026815933350689925,0.017183025253840144,0.1200208279093986,0.03176256183285603,0.04217651653215308,0.06717000781046602,0.04686279614683676,0.02863837542306691,0.012757094506638896,0.010413954699297057,0.004686279614683676,0.020827909398594115,0.029940119760479042,0.04738349388180162,0.022390002603488675,0.01614162978391044,0.057537099713616244,0.020046862796146838,0.013798489976568603,0.0036448841447539702,0.008851861494402499,0.1793803696953918,0.4827955549605034,0.010577051814165217,0.025706252510376223,0.03922881242468872,0.030793948319721515,0.08220645334047395,0.022492970946579195,0.04137100013388673,0.04485205516133351,0.03547998393359218,0.012719239523363235,0.004150488686571161,0.0,0.0002677734636497523,0.011648145668764225,0.021154103628330433,0.028651760610523498,0.014191993573436873,0.011782032400589101,0.03467666354264293,0.011380372205114474,0.006828223323068684,0.0024099611728477708,0.0037488284910965324,0.02088633016468068
grieg,grieg_zwerge.mid,62.736098450319055,15.43118049144317,0.15447483829573072,0.22028074876145895,14.338123116509568,0.0,19.081795279289402,2,33.0,95.0,62.0,65.0,0.0867052499999943,3.158901998022117,0.1449407474931632,0.8094804010938924,0.0601640838650866,0.043299908842297175,0.23837739288969917,0.029626253418413857,0.105742935278031,0.06791248860528715,0.028258887876025523,0.09571558796718323,0.008204193254329991,0.19963536918869645,0.08751139471285324,0.03555150410209663,0.23073415412676698,0.00364797081623347,0.006839945280437756,0.021431828545371637,0.022343821249430004,0.05471956224350205,0.009575923392612859,0.03967168262653899,0.02188782489740082,0.03784769721842225,0.0702234382124943,0.03511171910624715,0.0031919744642042863,0.021431828545371637,0.046511627906976744,0.025079799361605107,0.01094391244870041,0.019151846785225718,0.006383948928408573,0.036935704514363885,0.010487916096671226,0.015503875968992248,0.008663930688554491,0.005015959872321021,0.23666210670314639,0.5959324635456639,0.017651573292402148,0.006907137375287797,0.04259401381427475,0.026093630084420567,0.044512663085188024,0.01419800460475825,0.043745203376822715,0.024558710667689946,0.04604758250191865,0.0023023791250959325,0.0007674597083653108,0.0,0.0,0.0007674597083653108,0.0249424405218726,0.009976976208749041,0.018802762854950115,0.006907137375287797,0.01841903300076746,0.009976976208749041,0.0072908672294704525,0.0030698388334612432,0.004604758250191865,0.029930928626247123
haydn,hay_40_1.mid,67.1254752851711,9.80077710550015,0.32628178401721514,0.2786391261896358,8.005528766134587,0.0,11.437752707798607,2,38.0,89.0,51.0,67.0,0.30612250000000074,3.1230153299375427,0.09378960709759188,0.9217363751584284,0.10266159695817491,0.022179974651457542,0.20405576679340937,0.019011406844106463,0.06273764258555133,0.015209125475285171,0.10773130544993663,0.17997465145754118,0.008238276299112801,0.13307984790874525,0.029150823827629912,0.11596958174904944,0.14389857369255152,0.003803486529318542,0.006973058637083994,0.03232963549920761,0.043106180665610144,0.01901743264659271,0.013312202852614897,0.025356576862123614,0.07480190174326466,0.08874801901743265,0.05198098256735341,0.0393026941362916,0.03454833597464342,0.03264659270998415,0.0393026941362916,0.04817749603803487,0.020919175911251982,0.01901743264659271,0.010142630744849446,0.017432646592709985,0.01774960380348653,0.023454833597464343,0.009508716323296355,0.008240887480190175,0.1762282091917591,0.4487115956392468,0.014866204162537165,0.027750247770069375,0.07680872150644202,0.06417244796828543,0.05128840436075322,0.04013875123885035,0.057482656095143705,0.0688800792864222,0.07581764122893954,0.015609514370664023,0.006689791873141724,0.0,0.0019821605550049554,0.002973240832507433,0.013875123885034688,0.008919722497522299,0.003468780971258672,0.003964321110009911,0.002973240832507433,0.0027254707631318136,0.0044598612487611496,0.0019821605550049554,0.0,0.0044598612487611496
haydn,hay_40_2.mid,67.66450216450217,9.582338307330968,0.17055266614989187,0.11541263802915112,12.880414087221778,-0.00519705500216544,9.986390427919355,2,31.0,89.0,58.0,67.0,0.179104499999994,3.150090316675039,0.11212121212121207,0.906060606060606,0.07965367965367966,0.02943722943722944,0.1683982683982684,0.025108225108225107,0.08225108225108226,0.02727272727272727,0.08744588744588745,0.22640692640692642,0.01038961038961039,0.09523809523809523,0.019913419913419914,0.1484848484848485,0.11130359462970983,0.006063230835859679,0.01602425292334344,0.03334776959722824,0.04287570376786488,0.02078822000866176,0.024252923343438718,0.042009527934170635,0.10047639670853183,0.037678648765699436,0.08661758336942399,0.022953659592897357,0.02078822000866176,0.035080121264616716,0.059333044608055434,0.021654395842355997,0.04937202252057168,0.021654395842355997,0.013858813339107838,0.030316154179298397,0.01169337375487224,0.025552187093980078,0.0038977912516240795,0.006929406669553919,0.15547856214811606,0.42472003318125257,0.02903359601824969,0.038573206138531727,0.08336789713811696,0.07963500622148487,0.05433430111986728,0.03981750311074243,0.053504769805060144,0.10452094566569888,0.02986312733305682,0.017005391953546247,0.0,0.0,0.0,0.001244296972210701,0.006221484861053505,0.025300705101617586,0.002903359601824969,0.007465781833264205,0.00041476565740356696,0.0,0.002073828287017835,0.0,0.0,0.0
haydn,haydn_33_1.mid,66.9155990957046,9.701325164444496,0.22002823920654357,0.23479681255241974,7.841922341468941,-0.007161703731624576,9.96297071653535,2,30.0,88.0,58.0,67.0,0.15346850000000245,3.174455387798459,0.0987189148455162,0.6985681989449887,0.015825169555388093,0.11002260738507913,0.16051243406179352,0.020723436322532027,0.14204973624717407,0.005651846269781462,0.13074604370761114,0.0828937452901281,0.04182366239638282,0.15146948003014318,0.0146948003014318,0.12358703843255464,0.12438748586505842,0.004900113079532605,0.008292499057670561,0.03430079155672823,0.036185450433471544,0.016961929890689786,0.009046362608367886,0.018846588767433094,0.03505465510742556,0.04598567659253675,0.11307953260459856,0.06143987938183189,0.004523181304183943,0.03920090463626084,0.04297022238974746,0.0731247644176404,0.05088578967206935,0.041085563513004145,0.02148511119487373,0.03882397286091217,0.030531473803241612,0.024877497173011683,0.007161703731624576,0.0007538635506973238,0.11609498680738786,0.4943991853360489,0.014765784114052953,0.037169042769857434,0.079938900203666,0.062118126272912425,0.04837067209775967,0.03411405295315682,0.03615071283095723,0.04938900203665988,0.054989816700611,0.00560081466395112,0.002036659877800407,0.0,0.003054989816700611,0.0,0.01374745417515275,0.01680244399185336,0.0050916496945010185,0.004582484725050916,0.01120162932790224,0.01120162932790224,0.0010183299389002036,0.003564154786150713,0.0,0.010692464358452138
haydn,haydn_33_2.mid,66.51395007342144,10.77708434373537,0.45494637203102023,0.4945870442209234,4.278919975545655,-0.01763409257898604,10.86405125564871,2,29.0,89.0,60.0,67.0,0.22941033333333394,3.1372345127806502,0.08296622613803228,0.8105726872246696,0.1013215859030837,0.039647577092511016,0.12555066079295155,0.015418502202643172,0.1130690161527166,0.14170337738619676,0.012481644640234948,0.14023494860499267,0.012481644640234948,0.15491923641703378,0.14023494860499267,0.002936857562408223,0.15429831006612785,0.005878030859662013,0.016164584864070537,0.024246877296105803,0.03085966201322557,0.010286554004408524,0.015429831006612785,0.016164584864070537,0.02645113886847906,0.0426157237325496,0.08449669360764143,0.0440852314474651,0.020573108008817047,0.034533431300514325,0.038941954445260836,0.10066127847171198,0.0470242468772961,0.04041146216017634,0.027920646583394562,0.03306392358559882,0.015429831006612785,0.011756061719324026,0.00881704628949302,0.00440852314474651,0.14548126377663484,0.553464499572284,0.018819503849443968,0.032506415739948676,0.08639863130881095,0.04961505560307956,0.03592814371257485,0.06244653550042772,0.0290846877673225,0.03507271171941831,0.036783575705731396,0.00855431993156544,0.0,0.0,0.0,0.0,0.023952095808383235,0.0051325919589392645,0.000855431993156544,0.011976047904191617,0.0,0.0,0.006843455945252352,0.001710863986313088,0.0,0.000855431993156544
haydn,haydn_33_3.mid,71.20335066435587,9.90189953609719,0.25947234349725556,0.21047679872580338,7.3108046181629565,-0.010982658959537572,12.368961511015021,2,33.0,89.0,56.0,74.0,0.12479199999999935,3.1858372299963835,0.16291161178509528,0.8197573656845754,0.02772963604852686,0.06990179087232813,0.19872905834777585,0.00924321201617562,0.12478336221837089,0.07394569612940496,0.09589832466782207,0.13980358174465626,0.010398613518197574,0.16926632004621606,0.0415944540727903,0.03870595031773541,0.16647398843930636,0.0023121387283236996,0.007514450867052023,0.017341040462427744,0.024277456647398842,0.017919075144508672,0.006358381502890174,0.016184971098265895,0.02601156069364162,0.04566473988439306,0.11965317919075144,0.06994219653179191,0.011560693641618497,0.03757225433526012,0.06589595375722543,0.049132947976878616,0.02716763005780347,0.02485549132947977,0.010404624277456647,0.031791907514450865,0.032947976878612714,0.019653179190751446,0.017341040462427744,0.005780346820809248,0.146242774566474,0.6604402935290193,0.004002668445630421,0.02334889926617745,0.05537024683122081,0.03802535023348899,0.032021347565043365,0.0200133422281521,0.0200133422281521,0.03669112741827885,0.04536357571714476,0.0133422281521014,0.0,0.0,0.0,0.00133422281521014,0.0200133422281521,0.008005336891260841,0.00266844563042028,0.0,0.00733822548365577,0.00600400266844563,0.00266844563042028,0.0,0.0,0.00333555703802535
haydn,haydn_35_1.mid,68.33746678476528,10.346310443288594,0.17243231364285022,0.269237355915091,9.758854726499626,-0.0035440047253396337,12.29565347392483,2,31.0,89.0,58.0,67.0,0.11786200000000235,3.1145285389736515,0.09949808089754941,0.7460879834661943,0.15205196338943017,0.012990847357543548,0.15559492175966932,0.01210510776498376,0.12459403602007676,0.05934455270150576,0.04930617065249483,0.20431059935045764,0.011514614703277236,0.08444050782403306,0.013581340419250075,0.12016533805727783,0.1904902539870053,0.0026580035440047253,0.004725339633786178,0.01535735380980508,0.01683402244536326,0.027170702894270527,0.009746012994683993,0.02746603662138216,0.02835203780271707,0.05316007088009451,0.031600708800945065,0.011222681630242174,0.005906674542232723,0.04370939161252215,0.021854695806261076,0.09362079149438866,0.08033077377436504,0.04991139988186651,0.009450679267572357,0.03603071470761961,0.03544004725339634,0.023922031896042528,0.014176018901358535,0.005906674542232723,0.1609568812758417,0.6497349823321554,0.014134275618374558,0.023409893992932862,0.05786219081272085,0.05123674911660778,0.030918727915194347,0.014575971731448763,0.024734982332155476,0.02959363957597173,0.04063604240282685,0.0017667844522968198,0.001325088339222615,0.0,0.0,0.0008833922261484099,0.014575971731448763,0.009275618374558304,0.009275618374558304,0.00044169611307420494,0.004858657243816254,0.0030918727915194345,0.002208480565371025,0.001325088339222615,0.0,0.014134275618374558
haydn,haydn_35_2.mid,67.288995215311,10.302075019534225,0.36461158314792647,0.39563970553682504,5.285868867375425,0.0057443752991862135,14.225899746035365,2,29.0,89.0,60.0,67.0,0.28571425000001227,2.9930659936173534,0.058373205741626744,0.8736842105263158,0.22488038277511962,0.007655502392344498,0.07942583732057416,0.011483253588516746,0.10239234449760766,0.15406698564593302,0.009569377990430622,0.1674641148325359,0.0009569377990430622,0.1215311004784689,0.09186602870813397,0.028708133971291867,0.2350406893250359,0.00861656294877932,0.022977501196744854,0.018669219722355194,0.014360938247965534,0.016275730014360938,0.007659167065581618,0.020105313547151747,0.027285782671134514,0.03398755385351843,0.059837242699856394,0.027285782671134514,0.006701771182383916,0.02106270943034945,0.027285782671134514,0.044997606510292006,0.043561512685495456,0.027285782671134514,0.009573958831977022,0.031594064145524174,0.02202010531354715,0.03542364767831498,0.022498803255146003,0.0028721876495931067,0.21302058401148874,0.606832298136646,0.016149068322981366,0.05093167701863354,0.05217391304347826,0.027950310559006212,0.03229813664596273,0.014906832298136646,0.029192546583850933,0.037888198757763975,0.02236024844720497,0.011180124223602485,0.0012422360248447205,0.0,0.0,0.0,0.02857142857142857,0.02422360248447205,0.0068322981366459624,0.0037267080745341614,0.009937888198757764,0.008074534161490683,0.0,0.0012422360248447205,0.0,0.014285714285714285
haydn,haydn_35_3.mid,69.4937984496124,9.94755434816845,0.20594475259205422,0.20738695551820985,8.937443204435667,-0.021722265321955005,13.454730920966128,2,36.0,88.0,52.0,71.0,0.14870475000000027,3.1280308300017023,0.10465116279069764,0.8651162790697674,0.15193798449612403,0.0031007751937984496,0.12248062015503876,0.03488372093023256,0.11550387596899225,0.10465116279069768,0.031007751937984496,0.23333333333333334,0.020930232558139535,0.07286821705426356,0.014728682170542635,0.09457364341085271,0.1799844840961986,0.0,0.012412723041117145,0.038789759503491075,0.011636927851047323,0.021722265321955005,0.011636927851047323,0.02948021722265322,0.05120248254460822,0.09852598913886734,0.03180760279286268,0.02482544608223429,0.047323506594259115,0.023273855702094646,0.038789759503491075,0.02404965089216447,0.037238169123351435,0.017843289371605897,0.004654771140418929,0.013188518231186967,0.017067494181536073,0.018619084561675717,0.016291698991466253,0.008533747090768037,0.22110162916989914,0.5135730007336757,0.016874541452677916,0.04695524578136464,0.09024211298606016,0.03961848862802641,0.06236243580337491,0.016874541452677916,0.02641232575201761,0.024944974321349962,0.05282465150403522,0.00293470286133529,0.0,0.0,0.0,0.01173881144534116,0.022743947175348497,0.03008070432868672,0.005135730007336757,0.001467351430667645,0.011005135730007337,0.015407190022010272,0.0007336757153338225,0.0,0.0,0.008070432868672046
haydn,haydn_43_1.mid,66.76818332779807,9.875683463272617,0.22559520079500106,0.21514163087750535,7.971243965597778,-0.0049833887043189366,11.349900481791368,2,38.0,89.0,51.0,67.0,0.1522766666666655,3.0718841632483302,0.0793756227167054,0.8209897044171371,0.1258718033875789,0.07074061773497177,0.046496180670873466,0.17668548654931918,0.0073065426768515445,0.10328794420458319,0.007970773829292593,0.1182331451345068,0.1813351046164065,0.004981733643307871,0.14447027565592827,0.01262039189637994,0.18637873754152823,0.000664451827242525,0.006644518272425249,0.014285714285714285,0.016611295681063124,0.01893687707641196,0.008637873754152824,0.0026578073089701,0.011295681063122924,0.019269102990033222,0.11395348837209303,0.05016611295681063,0.03156146179401993,0.029900332225913623,0.03986710963455149,0.11162790697674418,0.06710963455149502,0.03920265780730897,0.01760797342192691,0.020598006644518274,0.016943521594684385,0.015614617940199336,0.019269102990033222,0.008637873754152824,0.1325581395348837,0.6707875457875457,0.00641025641025641,0.024725274725274724,0.05952380952380952,0.06364468864468864,0.020146520146520148,0.026556776556776556,0.03891941391941392,0.025183150183150184,0.031135531135531136,0.005036630036630037,0.0004578754578754579,0.0,0.0,0.0,0.016025641025641024,0.007783882783882784,0.0,0.0,0.0013736263736263737,0.0,0.0,0.0,0.0,0.0022893772893772895
haydn,haydn_43_2.mid,67.39171597633135,8.48077128985388,0.2949774570463504,0.24063576861517227,5.6788343850249845,-0.03672985781990521,12.015386136038794,2,44.0,84.0,40.0,68.0,0.2213141874999991,2.9085216085792114,0.06272189349112423,0.9100591715976332,0.16094674556213018,0.07100591715976332,0.0378698224852071,0.24970414201183433,0.0,0.06982248520710059,0.010650887573964497,0.08757396449704143,0.19053254437869824,0.014201183431952662,0.1076923076923077,0.0,0.17061611374407584,0.0,0.0035545023696682463,0.008293838862559242,0.03909952606635071,0.02962085308056872,0.027251184834123223,0.009478672985781991,0.07582938388625593,0.10900473933649289,0.02843601895734597,0.004739336492890996,0.06042654028436019,0.015402843601895734,0.02962085308056872,0.04739336492890995,0.024881516587677725,0.024881516587677725,0.011848341232227487,0.031990521327014215,0.02014218009478673,0.0462085308056872,0.01066350710900474,0.0,0.17061611374407584,0.36231884057971014,0.006587615283267457,0.028985507246376812,0.07114624505928854,0.061923583662714096,0.052700922266139656,0.06982872200263504,0.03162055335968379,0.09881422924901186,0.09090909090909091,0.039525691699604744,0.0,0.0,0.0,0.003952569169960474,0.04084321475625823,0.019762845849802372,0.0,0.007905138339920948,0.0,0.007905138339920948,0.002635046113306983,0.0,0.0,0.002635046113306983
haydn,haydn_43_3.mid,68.80966898954703,9.489996230866515,0.2058420414371008,0.19733474805368736,7.480157084256041,-0.017429193899782137,11.74450787757328,2,31.0,87.0,56.0,72.0,0.1312693781249834,3.0890977293177078,0.08710801393728218,0.679006968641115,0.14242160278745644,0.09407665505226481,0.042682926829268296,0.20557491289198607,0.01524390243902439,0.08928571428571429,0.005662020905923345,0.09407665505226481,0.16681184668989546,0.002613240418118467,0.12064459930313588,0.020905923344947737,0.17821350762527233,0.006971677559912854,0.018300653594771243,0.03137254901960784,0.016557734204793027,0.023965141612200435,0.018300653594771243,0.026579520697167756,0.02875816993464052,0.03572984749455338,0.09193899782135076,0.046623093681917215,0.029193899782135078,0.03572984749455338,0.030065359477124184,0.05228758169934641,0.026579520697167756,0.029193899782135078,0.012200435729847494,0.027886710239651415,0.01786492374727669,0.02483660130718954,0.009150326797385621,0.00261437908496732,0.17908496732026144,0.6352675207234363,0.011303692539562924,0.037678975131876416,0.06480783722682742,0.05425772418990203,0.039939713639788994,0.03617181612660136,0.023360964581763375,0.04069329314242653,0.024868123587038434,0.003014318010550113,0.0,0.0,0.0,0.0,0.003014318010550113,0.00452147701582517,0.0052750565184626974,0.008289374529012811,0.0015071590052750565,0.0007535795026375283,0.002260738507912585,0.0015071590052750565,0.0,0.0015071590052750565
haydn,haydn_7_1.mid,69.65612648221344,10.727874188328414,0.2828661936635373,0.22883089047593966,8.0229947313615,-0.07128712871287128,14.670738281001277,2,36.0,86.0,50.0,74.0,0.1733102500000001,2.76344107959644,0.011857707509881465,0.8972332015810277,0.17786561264822134,0.0,0.15019762845849802,0.0,0.15810276679841898,0.09486166007905138,0.011857707509881422,0.24110671936758893,0.0,0.08695652173913043,0.0,0.07905138339920949,0.24554455445544554,0.0,0.0,0.0,0.0,0.023762376237623763,0.0,0.015841584158415842,0.019801980198019802,0.007920792079207921,0.1306930693069307,0.031683168316831684,0.031683168316831684,0.027722772277227723,0.12277227722772277,0.0039603960396039604,0.015841584158415842,0.03564356435643564,0.0,0.031683168316831684,0.007920792079207921,0.007920792079207921,0.0039603960396039604,0.0,0.23564356435643563,0.7170542635658915,0.0,0.003875968992248062,0.04263565891472868,0.011627906976744186,0.05813953488372093,0.0,0.04263565891472868,0.015503875968992248,0.046511627906976744,0.0,0.0,0.0,0.0,0.0,0.003875968992248062,0.015503875968992248,0.011627906976744186,0.0,0.003875968992248062,0.003875968992248062,0.007751937984496124,0.0,0.0,0.015503875968992248
haydn,haydn_7_2.mid,68.48284625158831,11.125740751684495,0.3433812776604192,0.24402154499582593,5.644636614397211,-0.04580152671755725,11.909772707115911,2,36.0,86.0,50.0,72.0,0.2691065000000066,3.0485188673755514,0.12198221092757311,0.8627700127064803,0.21473951715374842,0.0,0.144853875476493,0.0698856416772554,0.0698856416772554,0.07496823379923762,0.022871664548919948,0.21728081321473952,0.01397712833545108,0.062261753494282084,0.015247776365946633,0.0940279542566709,0.18193384223918574,0.0,0.010178117048346057,0.01272264631043257,0.017811704834605598,0.01653944020356234,0.0,0.039440203562340966,0.03435114503816794,0.07251908396946564,0.05979643765903308,0.030534351145038167,0.020356234096692113,0.04580152671755725,0.09541984732824428,0.09287531806615776,0.03435114503816794,0.005089058524173028,0.0,0.027989821882951654,0.01272264631043257,0.021628498727735368,0.008905852417302799,0.0,0.15903307888040713,0.560126582278481,0.0,0.03481012658227848,0.028481012658227847,0.03955696202531646,0.03322784810126582,0.0,0.03164556962025317,0.03322784810126582,0.061708860759493674,0.0,0.0,0.0,0.004746835443037975,0.00949367088607595,0.08702531645569621,0.04272151898734177,0.0,0.0,0.00949367088607595,0.004746835443037975,0.015822784810126583,0.0,0.0,0.0031645569620253164
haydn,haydn_7_3.mid,65.78922716627635,9.941872093031748,0.19548042307767374,0.13729879020671323,9.447180427052817,-0.04220398593200469,13.169669257157333,2,36.0,86.0,50.0,67.0,0.1342522500000003,2.8015581515199197,0.0374707259953162,0.8220140515222483,0.1522248243559719,0.0,0.1873536299765808,0.0117096018735363,0.11007025761124122,0.0585480093676815,0.02576112412177986,0.2646370023419204,0.0,0.06088992974238876,0.0,0.1288056206088993,0.2391559202813599,0.01875732708089097,0.04220398593200469,0.0,0.004689331770222743,0.023446658851113716,0.0,0.01406799531066823,0.0023446658851113715,0.03751465416178194,0.03751465416178194,0.03751465416178194,0.0,0.023446658851113716,0.03048065650644783,0.035169988276670575,0.007033997655334115,0.03048065650644783,0.0,0.11488862837045721,0.04220398593200469,0.035169988276670575,0.023446658851113716,0.0,0.20046893317702227,0.7676056338028169,0.0,0.017605633802816902,0.0,0.07394366197183098,0.05985915492957746,0.0,0.05985915492957746,0.007042253521126761,0.014084507042253521,0.0,0.0,0.0,0.0,0.0,0.0,0.0,0.0,0.0,0.0,0.0,0.0,0.0,0.0,0.0
haydn,haydn_8_1.mid,68.45514223194748,10.249761743055204,0.2525446676878193,0.19047899079458672,7.473258214105236,-0.033953997809419496,13.994442153959282,2,31.0,86.0,55.0,71.0,0.17593112916665632,2.8422260530573586,0.026258205689277947,0.8205689277899344,0.1137855579868709,0.019693654266958426,0.21663019693654267,0.0,0.09190371991247265,0.006564551422319475,0.07439824945295405,0.19693654266958424,0.0,0.12253829321663019,0.0,0.1575492341356674,0.23001095290251916,0.0,0.004381161007667032,0.028477546549835708,0.01533406352683461,0.008762322015334063,0.0065717415115005475,0.02190580503833516,0.0416210295728368,0.013143483023001095,0.14238773274917854,0.04819277108433735,0.0,0.019715224534501644,0.056955093099671415,0.013143483023001095,0.02628696604600219,0.028477546549835708,0.004381161007667032,0.04600219058050383,0.004381161007667032,0.013143483023001095,0.008762322015334063,0.008762322015334063,0.20920043811610076,0.7176470588235294,0.023529411764705882,0.020588235294117647,0.07352941176470588,0.01764705882352941,0.041176470588235294,0.008823529411764706,0.03529411764705882,0.05,0.011764705882352941,0.0,0.0,0.0,0.0,0.0,0.0,0.0,0.0,0.0,0.0,0.0,0.0,0.0,0.0,0.0
haydn,haydn_8_2.mid,68.06896551724138,10.099952319732994,0.35902712752873545,0.2500568272807736,5.002913133781388,-0.08304498269896193,12.227939944878466,2,43.0,86.0,43.0,71.0,0.21390366666666694,2.9124376833288226,0.04137931034482756,0.7931034482758621,0.1310344827586207,0.034482758620689655,0.15172413793103448,0.0,0.08275862068965517,0.0,0.10344827586206896,0.20689655172413793,0.006896551724137931,0.11724137931034483,0.0,0.16551724137931034,0.19377162629757785,0.0,0.0,0.04152249134948097,0.020761245674740483,0.02768166089965398,0.0,0.01384083044982699,0.02768166089965398,0.006920415224913495,0.11764705882352941,0.08996539792387544,0.01384083044982699,0.07612456747404844,0.08996539792387544,0.0,0.02768166089965398,0.020761245674740483,0.0,0.0,0.0,0.0,0.01384083044982699,0.0,0.2179930795847751,0.7603305785123967,0.0,0.03305785123966942,0.09917355371900827,0.024793388429752067,0.049586776859504134,0.0,0.0,0.01652892561983471,0.0,0.0,0.0,0.0,0.0,0.0,0.0,0.0,0.0,0.0,0.0,0.0,0.0,0.0,0.0,0.01652892561983471
haydn,haydn_8_3.mid,67.69186046511628,11.219446521981366,0.44067496150678276,0.29458438343342924,3.901328731607725,-0.09037900874635568,15.226587749457225,2,38.0,86.0,48.0,71.0,0.31914899999999946,2.8466149781081493,0.01744186046511631,0.9156976744186046,0.09883720930232558,0.005813953488372093,0.18604651162790697,0.0,0.13953488372093023,0.005813953488372093,0.11046511627906977,0.22093023255813954,0.005813953488372093,0.09302325581395349,0.0,0.13372093023255813,0.2915451895043732,0.0,0.0058309037900874635,0.0,0.0,0.023323615160349854,0.0,0.03498542274052478,0.011661807580174927,0.01749271137026239,0.12244897959183673,0.0058309037900874635,0.029154518950437316,0.05830903790087463,0.08163265306122448,0.0058309037900874635,0.01749271137026239,0.0,0.0,0.0,0.0,0.0,0.0058309037900874635,0.0,0.2886297376093295,0.947565543071161,0.0,0.00749063670411985,0.0,0.0,0.0,0.0,0.0149812734082397,0.02247191011235955,0.0,0.0,0.0,0.0,0.0,0.0,0.0,0.00749063670411985,0.0,0.0,0.0,0.0,0.0,0.0,0.0,0.0
haydn,haydn_8_4.mid,67.32323232323232,8.75690582643759,0.20091791578282814,0.11652393074428452,9.79977743121652,-0.07848101265822785,10.864477838595635,2,38.0,86.0,48.0,69.0,0.1401869999999974,2.573941795639663,0.0,0.898989898989899,0.13636363636363635,0.0,0.25252525252525254,0.0,0.030303030303030304,0.0,0.06565656565656566,0.24242424242424243,0.0,0.10606060606060606,0.0,0.16666666666666666,0.17215189873417722,0.0,0.020253164556962026,0.030379746835443037,0.030379746835443037,0.0759493670886076,0.010126582278481013,0.030379746835443037,0.05063291139240506,0.030379746835443037,0.04050632911392405,0.010126582278481013,0.0,0.010126582278481013,0.030379746835443037,0.035443037974683546,0.11645569620253164,0.05063291139240506,0.0,0.060759493670886074,0.035443037974683546,0.010126582278481013,0.020253164556962026,0.0,0.1291139240506329,0.6363636363636364,0.0,0.032467532467532464,0.03896103896103896,0.03896103896103896,0.06493506493506493,0.012987012987012988,0.006493506493506494,0.05844155844155844,0.09740259740259741,0.006493506493506494,0.0,0.0,0.0,0.0,0.0,0.0,0.0,0.0,0.0,0.0,0.0,0.0,0.0,0.006493506493506494
haydn,haydn_9_1.mid,67.74860335195531,11.459674375089373,0.33630259075884567,0.2785566541101919,7.479925643996476,-0.033550792171481825,13.668856724270384,2,29.0,86.0,57.0,70.0,0.22156550000000053,2.7834130022775105,0.011173184357541888,0.9441340782122905,0.18435754189944134,0.0,0.07635009310986965,0.0,0.07635009310986965,0.18435754189944134,0.0,0.16945996275605213,0.0,0.17690875232774675,0.12104283054003724,0.0111731843575419,0.1509785647716682,0.0,0.016775396085740912,0.01863932898415657,0.005591798695246971,0.02050326188257223,0.0,0.02050326188257223,0.024231127679403542,0.06523765144454799,0.18452935694315004,0.0391425908667288,0.014911463187325256,0.03168685927306617,0.10065237651444547,0.01863932898415657,0.02050326188257223,0.02050326188257223,0.005591798695246971,0.027958993476234855,0.0130475302889096,0.005591798695246971,0.003727865796831314,0.001863932898415657,0.1891891891891892,0.6061538461538462,0.024615384615384615,0.018461538461538463,0.043076923076923075,0.027692307692307693,0.04923076923076923,0.010769230769230769,0.04923076923076923,0.027692307692307693,0.052307692307692305,0.0,0.0,0.0,0.0,0.0015384615384615385,0.009230769230769232,0.018461538461538463,0.006153846153846154,0.0,0.003076923076923077,0.0015384615384615385,0.0,0.0,0.0,0.05076923076923077
haydn,haydn_9_2.mid,67.94515852613539,10.568602760369462,0.30707329744180184,0.23616294655162007,6.871985055092311,-0.030874785591766724,13.744697668047726,2,34.0,86.0,52.0,70.0,0.16224533333333113,2.985479947297903,0.07369323050556986,0.9400171379605827,0.18594687232219365,0.002570694087403599,0.055698371893744644,0.02913453299057412,0.09854327335047129,0.23221936589545844,0.0,0.10111396743787489,0.009425878320479864,0.12339331619537275,0.1293916023993145,0.032562125107112254,0.21612349914236706,0.0,0.004288164665523156,0.024013722126929673,0.00686106346483705,0.03516295025728988,0.0017152658662092624,0.018867924528301886,0.022298456260720412,0.0274442538593482,0.1097770154373928,0.07289879931389365,0.016295025728987993,0.0711835334476844,0.03773584905660377,0.02830188679245283,0.015437392795883362,0.022298456260720412,0.010291595197255575,0.018867924528301886,0.006003430531732418,0.03344768439108062,0.009433962264150943,0.0,0.19125214408233276,0.7548441449031171,0.0,0.03622577927548441,0.04380791912384162,0.015164279696714406,0.030328559393428812,0.009267059814658803,0.02527379949452401,0.019376579612468407,0.03454085930918281,0.002527379949452401,0.0,0.0,0.0,0.0,0.0,0.0,0.0,0.0,0.0,0.0,0.008424599831508003,0.0,0.0,0.020219039595619208
haydn,haydn_9_3.mid,69.46640316205534,9.151980806109956,0.1927784920125167,0.14174403448465603,10.032701893364244,-0.03762376237623762,12.43583811413688,2,46.0,86.0,40.0,69.0,0.12840241666666685,2.580353754040355,0.0039525691699604515,0.7984189723320159,0.233201581027668,0.0,0.019762845849802372,0.0,0.07905138339920949,0.25296442687747034,0.0,0.15019762845849802,0.0,0.17391304347826086,0.08695652173913043,0.003952569169960474,0.1702970297029703,0.0,0.027722772277227723,0.0,0.019801980198019802,0.04356435643564356,0.0,0.03564356435643564,0.10693069306930693,0.03564356435643564,0.06336633663366337,0.023762376237623763,0.015841584158415842,0.011881188118811881,0.015841584158415842,0.015841584158415842,0.04356435643564356,0.05148514851485148,0.0039603960396039604,0.06336633663366337,0.023762376237623763,0.027722772277227723,0.011881188118811881,0.0,0.18811881188118812,0.6064814814814815,0.0,0.032407407407407406,0.023148148148148147,0.041666666666666664,0.08333333333333333,0.004629629629629629,0.018518518518518517,0.08333333333333333,0.05555555555555555,0.0,0.0,0.0,0.0,0.0,0.0,0.027777777777777776,0.0,0.0,0.009259259259259259,0.0,0.009259259259259259,0.0,0.0,0.004629629629629629
liszt,liz_donjuan.mid,64.98838896952104,16.315285606732548,0.19324175633272836,0.25097138620789455,17.03730298560773,-0.00023223409196470042,15.891867096016046,4,27.0,105.0,78.0,65.0,0.11363633333337475,3.5255864136522894,0.35936139332365746,0.9545428156748912,0.06037735849056604,0.08238026124818577,0.09550072568940493,0.06002902757619739,0.11506531204644412,0.10955007256894049,0.06635703918722786,0.04388969521044993,0.06699564586357039,0.12429608127721335,0.09195936139332365,0.08359941944847606,0.194960520204366,0.008592661402693916,0.007895959126799815,0.023687877380399444,0.01695308871342313,0.02206223873664654,0.014456572224802601,0.021191360891778914,0.03907338597306084,0.05178820250812819,0.02124941941477009,0.02502322340919647,0.007547607988852764,0.02206223873664654,0.02513934045517882,0.07100557361820715,0.04545982350209011,0.03599628425452856,0.01921737111007896,0.024732930794240594,0.02548769159312587,0.028738968880631675,0.01114723641430562,0.009695773339526242,0.22683464932652114,0.5411342354329325,0.005874526146662315,0.011322270479250872,0.034318278814048656,0.026736625411091307,0.024778450028870535,0.01677001481183943,0.02319684683553837,0.024226144151833908,0.03406723068812291,0.005472849145181131,0.004644390329626189,0.0,0.0038912459518489696,0.006753194587402405,0.03547310019330706,0.022393492832576006,0.02148971957924334,0.01363191323776768,0.014836944242211231,0.017673788065172093,0.021088042577762155,0.005774106896292019,0.0030878919488866014,0.08136469761253232
liszt,liz_et1.mid,62.174047373841404,13.567585940511396,0.21912417188465533,0.29399654810269693,13.468539086577765,0.0072109193922225085,11.859723912187354,4,27.0,103.0,76.0,60.0,0.11016900000001328,3.3997142869308252,0.22863027806385172,0.9770854788877446,0.09114315139031925,0.03527291452111225,0.16040164778578786,0.10118434603501544,0.06101956745623069,0.07260556127703399,0.057157569515962924,0.15525231719876417,0.015705458290422244,0.08959835221421215,0.10118434603501544,0.05947476828012358,0.10404326551635333,0.0025753283543651817,0.004378058202420809,0.0808653103270667,0.05227916559361319,0.024208086531032708,0.036827195467422094,0.037342261138295134,0.08138037599793974,0.14447592067988668,0.01854236415142931,0.005923255215039918,0.0002575328354365182,0.001545197012619109,0.0010301313417460727,0.04815864022662889,0.033221735771310844,0.02111769250579449,0.017769765645119753,0.036827195467422094,0.03450939994849343,0.04069018799896987,0.010558846252897245,0.0012876641771825909,0.16018542364151428,0.5187104202648244,0.006476683937823834,0.00877950489349453,0.07570523891767415,0.049654576856649396,0.03684513529073115,0.04389752446747265,0.028785261945883708,0.03670120898100173,0.062464018422567644,0.010218767990788717,0.0002878526194588371,0.0,0.0010074841681059297,0.0014392630972941854,0.013097294185377088,0.010506620610247553,0.008923431203223949,0.004605641911341394,0.007772020725388601,0.010074841681059297,0.019142199194012666,0.0011514104778353484,0.0,0.04375359815774323
liszt,liz_et2.mid,63.858024691358025,15.281778465369994,0.2866358038335296,0.5886773819117622,10.654755995210701,-0.010585122022934431,13.46704318920111,2,27.0,103.0,76.0,63.0,0.12121213333333358,3.423894775030423,0.2222222222222222,0.8597883597883598,0.09376837154614932,0.03321575543797766,0.12257495590828923,0.1146384479717813,0.03321575543797766,0.11434450323339213,0.036155202821869487,0.10229276895943562,0.07348618459729571,0.05261610817166373,0.15667254556143445,0.06701940035273368,0.24875036753895913,0.0017641870038224052,0.0026462805057336078,0.035283740076448106,0.027050867391943546,0.02587474272272861,0.0223463687150838,0.019994119376653924,0.024110555718906204,0.03998823875330785,0.060570420464569244,0.08115260217583063,0.002940311673037342,0.026756836224639813,0.01675977653631285,0.030285210232284622,0.017641870038224053,0.022640399882387533,0.014701558365186709,0.024404586886209938,0.014995589532490444,0.017641870038224053,0.007644810349897089,0.021170244045868862,0.19288444575124963,0.5331143005360539,0.02455472937921494,0.01521701538993602,0.04426768113435933,0.02905066574442331,0.03060695140930313,0.019021269237420025,0.02766730070897458,0.020577554902299844,0.03060695140930313,0.0077814283243991,0.019194189866851116,0.0,0.017637904201971297,0.007435587065536918,0.023863046861490576,0.015908697907660384,0.015908697907660384,0.012104444060176378,0.016081618537091474,0.015735777278229293,0.012796126577900744,0.0055334601417949165,0.0031125713297596403,0.05222203008818952
liszt,liz_et3.mid,76.98769305019304,15.79575516895344,0.13143746626649028,0.09469044788635025,16.612770337060468,-0.0016895969104513638,15.952356262601008,2,27.0,102.0,75.0,78.0,0.09955743749999613,3.1561441746877703,0.15781853281853286,0.8959942084942085,0.015685328185328185,0.07987451737451738,0.033542471042471045,0.30236486486486486,0.07480694980694981,0.02582046332046332,0.07311776061776062,0.05115830115830116,0.12089768339768339,0.03161196911196911,0.09531853281853282,0.0958011583011583,0.2365435674631909,0.007965242577842143,0.008689355539464157,0.016895969104513638,0.021240646874245716,0.028481776490465845,0.013275404296403573,0.03668839005551533,0.026792179580014484,0.04248129374849143,0.028723147477673183,0.07023895727733527,0.017378711078928313,0.05792903692976104,0.030654115375331886,0.014723630219647598,0.014240888245232923,0.015206372194062274,0.009654839488293506,0.016895969104513638,0.011344436398744872,0.011827178373159546,0.005792903692976104,0.0041033067825247405,0.2522326816316679,0.6227239621267298,0.003823743627093955,0.011289147851420248,0.028951201747997087,0.03678077203204661,0.03459577567370721,0.017297887836853605,0.036598689002185,0.02530954115076475,0.04115076474872542,0.008011653313911144,0.013109978150036417,0.0,0.013838310269482883,0.007283321194464676,0.008011653313911144,0.009468317552804079,0.008011653313911144,0.004005826656955572,0.009650400582665695,0.0067370721048798255,0.007829570284049526,0.0021849963583394027,0.0001820830298616169,0.0431536780772032
liszt,liz_et4.mid,72.26187150837988,8.809862988885312,0.06376710858793055,0.062197221860964456,12.321847683067913,0.0,8.167618564298886,2,55.0,103.0,48.0,72.0,0.06428943750000826,3.348830112330129,0.23184357541899436,0.39175977653631283,0.055167597765363126,0.06215083798882681,0.05027932960893855,0.07262569832402235,0.2053072625698324,0.017458100558659217,0.08030726256983241,0.07053072625698324,0.11173184357541899,0.08100558659217877,0.03840782122905028,0.15502793296089384,0.061495457721872815,0.005590496156533892,0.0069881201956673656,0.06568832983927324,0.04612159329140461,0.04682040531097135,0.010482180293501049,0.04472396925227114,0.053109713487071976,0.07896575821104122,0.009783368273934312,0.009783368273934312,0.09294199860237597,0.023060796645702306,0.015373864430468204,0.06988120195667366,0.055904961565338925,0.0573025856044724,0.012578616352201259,0.047519217330538085,0.05520614954577219,0.05870020964360587,0.008385744234800839,0.002795248078266946,0.06079664570230608,0.19435215946843853,0.0016611295681063123,0.0049833887043189366,0.05813953488372093,0.044850498338870434,0.03322259136212625,0.008305647840531562,0.029900332225913623,0.07807308970099668,0.10465116279069768,0.0016611295681063123,0.0,0.0,0.0,0.014950166112956811,0.10963455149501661,0.054817275747508304,0.05647840531561462,0.0033222591362126247,0.016611295681063124,0.04983388704318937,0.019933554817275746,0.0,0.0,0.11461794019933555
liszt,liz_et5.mid,70.36565364206464,13.384420361472426,0.20751416200856274,0.18479628742636406,11.386840855706865,-0.020752895752895753,10.568724066351479,2,31.0,105.0,74.0,71.0,0.16356176666666755,3.144379289358987,0.19295706705258076,0.8924264351181862,0.06367583212735166,0.007718282682103232,0.05209840810419682,0.025084418716835505,0.2170767004341534,0.03859141341051616,0.10178485287023638,0.07091172214182344,0.11191509889049686,0.09985528219971057,0.00964785335262904,0.20164013506994694,0.11534749034749035,0.003861003861003861,0.00723938223938224,0.03861003861003861,0.061293436293436296,0.07046332046332046,0.006274131274131274,0.03523166023166023,0.07528957528957529,0.07577220077220077,0.05115830115830116,0.02027027027027027,0.01447876447876448,0.015444015444015444,0.044884169884169885,0.03812741312741313,0.024613899613899613,0.04295366795366795,0.00916988416988417,0.03812741312741313,0.017857142857142856,0.025096525096525095,0.03523166023166023,0.01447876447876448,0.11872586872586872,0.40228294707713597,0.010722933241093047,0.027326184711172603,0.0660671048080249,0.0574195780006918,0.08267035627810446,0.011414735385679695,0.033552404012452436,0.05672777585610515,0.046696644759598754,0.0010377032168799724,0.0,0.0,0.015219647180906262,0.03528190937391906,0.026288481494292634,0.02040816326530612,0.008647526807333102,0.007263922518159807,0.02109996540989277,0.013836042891732965,0.013144240747146317,0.003113109650639917,0.0017295053614666206,0.03804911795226565
liszt,liz_et6.mid,66.90638207945901,15.385697264578047,0.1893312249344001,0.2423216632365306,14.94619637425569,0.0033819488480236735,15.771567022162483,4,29.0,101.0,72.0,68.0,0.125,3.223900173131365,0.16948436179205406,0.9619611158072696,0.0974218089602705,0.03740490278951818,0.08431952662721894,0.026627218934911243,0.22231614539306846,0.10967878275570583,0.013736263736263736,0.047971259509721045,0.07058326289095519,0.17011834319526628,0.021132713440405747,0.09868977176669484,0.2557598816317903,0.002747833439019235,0.0033819488480236735,0.022828154724159798,0.022616782921158318,0.018812090467131684,0.011414077362079899,0.02240541111815684,0.032339885859226376,0.045444937645318116,0.017966603255125765,0.04100612978228704,0.0063411540900443885,0.03191714225322342,0.019234834073134643,0.045656309448319596,0.033185373071232295,0.030226167829211583,0.012893679983090255,0.02642147537518495,0.022616782921158318,0.027055590784189388,0.008454872120059184,0.017121116043119847,0.22215176495455508,0.5454060967810701,0.013110211042421658,0.011831166062673204,0.033255169473459814,0.033255169473459814,0.031869537412065656,0.01620123641014709,0.023235983798763588,0.024088680451929228,0.030377318269025795,0.010125772756341932,0.025261138350031975,0.0,0.008633553613302068,0.010871882327861864,0.024834790023449158,0.020038371349392455,0.016307823491792793,0.011617991899381794,0.021530590492432316,0.01971861010445534,0.016094649328501385,0.0019185674696226818,0.005755702408868045,0.0446599872095502
liszt,liz_et_trans4.mid,64.32479479196151,15.560185990172075,0.19282837799173302,0.2023047019098083,18.81713427694307,-0.004953998584571833,15.523818316322672,2,24.0,101.0,77.0,64.0,0.13344405000000847,3.5006383449656213,0.3061137843192754,0.9940560430229267,0.05321256722332295,0.07854514576846873,0.14888196999716954,0.05108972544579677,0.09906594961788848,0.08208321539767903,0.06410982168129069,0.0876026040192471,0.0549108406453439,0.12397395980752901,0.09906594961788848,0.05745825077837532,0.2294409058740269,0.002689313517338995,0.003113941967445152,0.03128096249115357,0.012455767869780608,0.012738853503184714,0.015286624203821656,0.027742392073602264,0.03581033262561925,0.0627034677990092,0.013446567586694975,0.01132342533616419,0.009058740268931352,0.023637650389242745,0.00835102618542109,0.07572540693559802,0.05152158527954706,0.03397027600849257,0.030290162774239206,0.016843595187544233,0.02335456475583864,0.026185421089879687,0.008634111818825195,0.014012738853503185,0.22038216560509555,0.5606211869107044,0.009095951192457015,0.007931225734886301,0.03494176372712146,0.018635607321131446,0.018746533555185803,0.018136439267886856,0.022129783693843594,0.022684414864115363,0.03682750970604548,0.0066555740432612314,0.006267332224070993,0.0,0.003826955074875208,0.003993344425956739,0.036716583471991124,0.02257348863006101,0.01752634498058791,0.015917914586799777,0.011425402107598447,0.008596783139212423,0.01841375485302274,0.003826955074875208,0.0026622296173044926,0.09184692179700499
liszt,liz_et_trans5.mid,71.98333708624183,12.672949158888919,0.12332778330143361,0.10675909743325557,22.65312671940979,-0.0006756756756756757,14.355720506305982,2,29.0,101.0,72.0,74.0,0.09451800000000077,3.528260415922976,0.3528484575546048,0.9304210763341589,0.07318171582976807,0.06507543346093222,0.10628236883584778,0.08128799819860391,0.056969151092096375,0.1371312767394731,0.09659986489529385,0.055392929520378296,0.0666516550326503,0.08128799819860391,0.11258725512272011,0.06755235307363207,0.1518018018018018,0.006531531531531532,0.008108108108108109,0.043018018018018016,0.026576576576576576,0.02972972972972973,0.03198198198198198,0.03513513513513514,0.03963963963963964,0.05878378378378379,0.0240990990990991,0.03986486486486487,0.00518018018018018,0.030405405405405407,0.01891891891891892,0.0740990990990991,0.036036036036036036,0.034684684684684684,0.03513513513513514,0.031081081081081083,0.028153153153153154,0.03018018018018018,0.015765765765765764,0.008783783783783784,0.15630630630630632,0.46847106248200404,0.009789807083213361,0.018139936654189462,0.06348977828966311,0.030665131010653615,0.03815145407428736,0.05240426144543622,0.03383242153757558,0.028793550244745177,0.05038871292830406,0.005902677800172762,0.006334581053843939,0.0,0.010653613590555715,0.00806219406852865,0.04189461560610423,0.014540742873596314,0.022458969190901238,0.015836452634609848,0.016268355888281023,0.016268355888281023,0.013964871868701411,0.010221710336884538,0.005182839044054132,0.018283904405413186
liszt,liz_et_trans8.mid,63.95626683568373,15.729954154928555,0.16802189969530798,0.14122917255410058,20.645551916435487,-0.000792393026941363,17.00039617342994,2,24.0,107.0,83.0,63.0,0.11235949999999661,3.5292204538613534,0.3156393598478846,0.9935034067501188,0.11503723657106639,0.05498336238314055,0.08889241007764222,0.09950879416891142,0.0684519093646015,0.08366344477895737,0.054349548407542386,0.1323086674061163,0.07780066550467438,0.05276501346854698,0.08714942164474726,0.08508952622405325,0.23787638668779715,0.003011093502377179,0.006656101426307449,0.03771790808240887,0.03407290015847861,0.03597464342313788,0.02646592709984152,0.05103011093502377,0.05213946117274168,0.08415213946117274,0.010301109350237718,0.0003169572107765452,0.003011093502377179,0.0009508716323296355,0.011568938193343899,0.06133122028526149,0.03312202852614897,0.028684627575277337,0.01648177496038035,0.009508716323296355,0.012995245641838352,0.011568938193343899,0.004754358161648178,0.009984152139461173,0.2163232963549921,0.6102817084252888,0.004089315850967156,0.007789173049461249,0.036933662209528755,0.0297286771387771,0.027846293651823964,0.020706218356484486,0.030961962871608465,0.029209398935479684,0.04829287290665974,0.0058418797870959365,0.0010385564065948333,0.0,0.0004543684278852395,0.0058418797870959365,0.027781383876411787,0.01486433856938855,0.015578346098922499,0.009801376087238738,0.012462676879137997,0.013176684408671946,0.01376087238738154,0.0033753083214332078,0.002401661690250552,0.027781383876411787
liszt,liz_liebestraum.mid,67.62711864406779,12.856020887262131,0.3653477105601176,0.4599508232297823,7.695569779886243,0.009009009009009009,13.71329657061048,2,32.0,103.0,71.0,67.0,0.20359700000000203,3.4495369247972674,0.267478813559322,0.920021186440678,0.11758474576271187,0.09057203389830508,0.036016949152542374,0.125,0.09639830508474577,0.07521186440677965,0.046610169491525424,0.07944915254237288,0.15783898305084745,0.036016949152542374,0.08686440677966102,0.0524364406779661,0.16269210386857447,0.001589825119236884,0.010598834128245893,0.047164811870694226,0.019077901430842606,0.02066772655007949,0.030206677265500796,0.04345521992580816,0.059353471118177,0.06094329623741388,0.029146793852676205,0.0047694753577106515,0.0037095919448860626,0.01377848436671966,0.022257551669316374,0.07525172231054585,0.04451510333863275,0.0598834128245893,0.04292527821939587,0.02278749337572867,0.010068892421833599,0.016428192898781134,0.01483836777954425,0.002649708532061473,0.18124006359300476,0.4644378892166503,0.0029498525073746312,0.01671583087512291,0.055719436250409704,0.03343166175024582,0.033759423139954114,0.024582104228121928,0.033759423139954114,0.03474270730907899,0.03965912815470338,0.014093739757456572,0.0009832841691248771,0.0,0.00032776138970829236,0.0058997050147492625,0.017699115044247787,0.015732546705998034,0.01638806948541462,0.01376597836774828,0.011471648639790232,0.017699115044247787,0.02654867256637168,0.007210750573582432,0.003605375286791216,0.10881678138315307
liszt,liz_rhap02.mid,70.32781065088757,16.20418699817548,0.194750127349607,0.3498545608965193,12.84357733335717,-0.002811066725847019,18.509591115080912,2,23.0,105.0,82.0,71.0,0.09321862916666035,3.1565597362032665,0.18239644970414204,0.8656804733727811,0.04260355029585799,0.2886094674556213,0.019970414201183433,0.0643491124260355,0.05576923076923077,0.075,0.10724852071005918,0.012869822485207101,0.1576923076923077,0.05118343195266272,0.06198224852071006,0.06272189349112427,0.25432756324900135,0.0032549193667702325,0.009172954579079745,0.020121319721852344,0.030921733984317207,0.029146323420624353,0.011392217783695813,0.031217635744932682,0.03195739014647137,0.024411895250776743,0.020121319721852344,0.02115697588400651,0.024707797011392217,0.029886077822163043,0.022340582926468414,0.025595502293238644,0.03417665335108744,0.03462050599201065,0.01301967746708093,0.02574345317354638,0.029738126941855306,0.02026927060216008,0.007545494895694629,0.004586477289539872,0.24056813138038172,0.5774591396771283,0.008121929208863933,0.010327885290283766,0.0257695778602226,0.03268825829740299,0.03208663391156122,0.013235736488519001,0.0316855509876667,0.03649854607440088,0.02416524616464454,0.004612453624786924,0.0021056853504462045,0.0,0.003910558507971523,0.004812995086734182,0.0191517096159631,0.02988067783014138,0.02667201443898526,0.009425448711521107,0.013035195026571744,0.020354958387646647,0.01734683645843778,0.004411912162839667,0.0012032487716835455,0.05103780206557706
liszt,liz_rhap09.mid,67.83193080878915,16.679241340372684,0.17505374678393196,0.19527814930722584,13.570236807969252,0.003389830508474576,17.16527049045573,2,24.0,103.0,79.0,67.0,0.10713524999994206,3.368322213336934,0.23211781206171112,0.8879149135109864,0.05247779336138383,0.05726975222066386,0.06451612903225806,0.16199158485273493,0.028751753155680224,0.08251519401589527,0.059841047218326324,0.12903225806451613,0.0947872837774661,0.0365825151940159,0.1825619448340346,0.04967274427302478,0.24500292226767972,0.004792518994739918,0.008065458796025715,0.023495032144944476,0.016832261835184104,0.028521332554061953,0.01542957334891876,0.02478082992402104,0.028988895382817067,0.04219754529514903,0.028053769725306838,0.025248392752776155,0.011572180011689071,0.029924021040327296,0.019053185271770894,0.055406195207481,0.04640561075394506,0.04009351256575102,0.010403272939801285,0.028404441846873175,0.0217416715371128,0.03167738164815897,0.006662770309760374,0.0058445353594389245,0.20140268848626533,0.603881882033079,0.005588701759685824,0.008987236613548825,0.04380333811645646,0.028396646778944188,0.03179518163280719,0.01789895023034514,0.02514915791858621,0.0277924628049241,0.03353221055811494,0.0034740578506155125,0.0008307529642776225,0.0,0.0012083679480401782,0.005588701759685824,0.03300354958084737,0.024242881957556077,0.017143720262820027,0.003776149837625557,0.012989955441431916,0.015406691337512272,0.02001359413941545,0.0030209198701004456,0.0,0.03247488860357979
liszt,liz_rhap10.mid,72.96821404070432,15.752201445802053,0.16107140334248013,0.1987987055588367,15.68796562036946,0.0054894784995425435,15.84645755025893,2,28.0,104.0,76.0,75.0,0.08751462499999718,3.381744731715226,0.23850903270066315,0.8948090555682597,0.07134690144065858,0.049394008689686714,0.03635947861879717,0.085067459410016,0.1724216784815916,0.03590212668648525,0.10770638005945575,0.05968442716670478,0.08209467184998856,0.09238509032700663,0.03521609878801738,0.1724216784815916,0.2074565416285453,0.003202195791399817,0.007319304666056725,0.024702653247941447,0.021271729185727357,0.024931381518755718,0.003202195791399817,0.027447392497712716,0.029048490393412625,0.02859103385178408,0.038655077767612074,0.0343092406221409,0.00434583714547118,0.0510064043915828,0.0727355901189387,0.03751143641354071,0.039341262580054895,0.028362305580969808,0.016010978956999086,0.024473924977127172,0.028819762122598354,0.022186642268984445,0.018298261665141813,0.006175663311985362,0.2005946935041171,0.6390524250070087,0.007008690776562938,0.013176338659938324,0.030137370339220634,0.028174936921783012,0.030978413232408186,0.008270255116344266,0.025231286795626577,0.026773198766470423,0.02691337258200168,0.0054667788057190915,0.0008410428931875525,0.0,0.0015419119708438463,0.00672834314550042,0.017661900756938603,0.022708158116063918,0.011073731426969442,0.005046257359125316,0.014297729184188394,0.014297729184188394,0.01471825063078217,0.0030838239416876925,0.00014017381553125876,0.04667788057190917
liszt,liz_rhap12.mid,68.84596543747449,17.670413707609413,0.2097689980929938,0.27889520058258094,14.025350244064896,-0.0027218290691344584,16.733745212785145,3,24.0,104.0,80.0,69.0,0.09656643749997329,3.344093939878051,0.230099333242618,0.9273370526602259,0.046536943801877804,0.16560076200843651,0.024357055381684582,0.0832766362770445,0.0793305211593414,0.07307116614505375,0.10096611783916179,0.02667029527826915,0.20261260035378964,0.05946387263573275,0.07688120832766362,0.06123282079194448,0.23775176918889493,0.003402286336418073,0.00557974959172564,0.024360370168753403,0.017419706042460535,0.020958083832335328,0.006804572672836146,0.02150244964616222,0.0278987479586282,0.040010887316276535,0.04735982580293958,0.02381600435492651,0.007348938486663037,0.016875340228633642,0.04123571039738704,0.04477408818726184,0.03933043004899292,0.024496461622210124,0.015106151333696244,0.024224278715296678,0.02150244964616222,0.020821992378878607,0.0074850299401197605,0.005171475231355471,0.2547632008709853,0.537497005031547,0.007347655938024119,0.011740276335755931,0.0409711684370258,0.030588611133296063,0.03450203657854804,0.01429598274898171,0.024998003354364667,0.029230892101269865,0.03458190240396135,0.009424167398770066,0.001597316508266113,0.0,0.0030349013657056147,0.006868460985544286,0.028352368021723504,0.023800015973165084,0.014535580225221627,0.0053510103026914784,0.015573835955594601,0.012459068764475681,0.017171152463860712,0.0027953038894656976,0.0009583899049596678,0.09232489417778132
liszt,liz_rhap15.mid,66.97440302353547,18.09738675408709,0.17293833250014404,0.16806328530815054,16.2927636816282,0.002061855670103093,16.433245027702345,2,21.0,104.0,83.0,68.0,0.11188800000000754,3.394135167042431,0.2624978526026456,0.9046555574643532,0.07026284143617935,0.07919601443051022,0.09500085895894177,0.030922521903453015,0.1693867033155815,0.08778560384813607,0.041573612781309055,0.041401820992956535,0.09173681498024394,0.15564336024738018,0.03212506442192063,0.10496478268338773,0.24896907216494846,0.0070446735395189005,0.005154639175257732,0.02216494845360825,0.022508591065292096,0.025257731958762887,0.0027491408934707906,0.03350515463917526,0.021134020618556702,0.036426116838487975,0.007731958762886598,0.012542955326460482,0.004123711340206186,0.021305841924398626,0.004810996563573883,0.041237113402061855,0.039347079037800686,0.022508591065292096,0.015463917525773196,0.013230240549828179,0.020103092783505156,0.03161512027491409,0.010309278350515464,0.020618556701030927,0.31013745704467355,0.5898524163210186,0.007138034146812,0.008681392881257837,0.028166296903636538,0.023922060383910485,0.02556187903925919,0.006366354779589081,0.017748625446127136,0.019195524259670107,0.02623709848557924,0.01089997106202373,0.01032121153660654,0.0,0.006462814700491946,0.0008681392881257837,0.024114980225716214,0.021510562361338862,0.015433587344458377,0.00694511430500627,0.0077167936722291885,0.014276068293624,0.015626507186264106,0.005498215491463297,0.003569017073406,0.10388733481238545
mendelssohn,mendel_op19_1.mid,59.155311355311355,8.757668497025362,0.33950378867368736,0.42992260499701385,8.354962741512287,-0.005131964809384164,9.609263770056822,3,30.0,84.0,54.0,59.0,0.1645819999999958,3.1385296276475256,0.11575091575091578,0.9838827838827838,0.027106227106227107,0.07326007326007326,0.024175824175824177,0.08351648351648351,0.16336996336996337,0.005128205128205128,0.15164835164835164,0.035164835164835165,0.10183150183150183,0.07912087912087912,0.024175824175824177,0.2315018315018315,0.18695014662756598,0.0021994134897360706,0.005865102639296188,0.016129032258064516,0.016129032258064516,0.0373900293255132,0.005865102639296188,0.01906158357771261,0.009530791788856305,0.018328445747800588,0.010263929618768328,0.004398826979472141,0.0,0.004398826979472141,0.06524926686217009,0.13929618768328444,0.10850439882697947,0.09237536656891496,0.032991202346041054,0.06378299120234604,0.019794721407624633,0.04838709677419355,0.006598240469208211,0.001466275659824047,0.08504398826979472,0.627548483341621,0.004972650422675286,0.02187966185977126,0.07260069617105917,0.05320735952262556,0.0676280457483839,0.019890601690701143,0.05818000994530084,0.034808552958727,0.022874191944306316,0.014917951268025857,0.0,0.0,0.0,0.0,0.0004972650422675286,0.0,0.0,0.0004972650422675286,0.0,0.0004972650422675286,0.0,0.0,0.0,0.0
mendelssohn,mendel_op19_2.mid,60.3184421534937,11.288849077528761,0.5159745137099085,0.5969017072376333,5.184739414395706,-0.04931192660550459,14.158622992054775,2,33.0,82.0,49.0,60.0,0.311850249999992,3.071118605093073,0.10538373424971359,0.9747995418098511,0.13058419243986255,0.003436426116838488,0.10080183276059565,0.020618556701030927,0.2222222222222222,0.07903780068728522,0.014891179839633447,0.050400916380297825,0.056128293241695305,0.18098510882016036,0.010309278350515464,0.13058419243986255,0.19839449541284404,0.0,0.0194954128440367,0.03784403669724771,0.03211009174311927,0.03784403669724771,0.027522935779816515,0.033256880733944956,0.02981651376146789,0.03096330275229358,0.026376146788990827,0.01834862385321101,0.005733944954128441,0.01834862385321101,0.017201834862385322,0.03784403669724771,0.03784403669724771,0.047018348623853214,0.01834862385321101,0.05389908256880734,0.028669724770642203,0.027522935779816515,0.01834862385321101,0.006880733944954129,0.19036697247706422,0.5671641791044776,0.014047410008779631,0.02370500438981563,0.07199297629499561,0.05706760316066725,0.05443371378402107,0.0324846356453029,0.05179982440737489,0.03775241439859526,0.02370500438981563,0.006145741878841089,0.000877963125548727,0.0,0.0,0.0026338893766461808,0.01755926251097454,0.0052677787532923615,0.0052677787532923615,0.0052677787532923615,0.0052677787532923615,0.003511852502194908,0.0052677787532923615,0.0052677787532923615,0.0,0.003511852502194908
mendelssohn,mendel_op19_3.mid,65.70238593553788,13.223920706867476,0.18653857227919643,0.17718677214560027,17.357665465721457,0.0,14.31957580573815,2,28.0,97.0,69.0,64.0,0.09651275000000226,2.9104036580065102,0.05064880703223107,0.9660946002511511,0.0046044370029300966,0.18250313938886564,0.053160318124738384,0.030556718292172456,0.21598995395562998,0.002092925910422771,0.104227710339054,0.0004185851820845542,0.0895772289660946,0.18752616157388027,0.01297614064462118,0.11636668061950607,0.2202680067001675,0.0,0.001256281407035176,0.017169179229480736,0.02680067001675042,0.04690117252931323,0.008375209380234505,0.023450586264656615,0.05108877721943048,0.051926298157453935,0.039782244556113906,0.0041876046901172526,0.020938023450586266,0.001256281407035176,0.020100502512562814,0.05820770519262981,0.05737018425460637,0.046063651591289785,0.008375209380234505,0.03685092127303183,0.017169179229480736,0.011725293132328308,0.00628140703517588,0.005443886097152429,0.21901172529313234,0.5990763140532219,0.0017594018033868484,0.014734990103364856,0.03166923246096327,0.03496811084231361,0.03958654057620409,0.010116560369474378,0.030349681108423135,0.028150428854189575,0.03694743787112382,0.011656036947437871,0.0,0.0,0.0,0.005498130635583902,0.027710578403342862,0.029909830657576426,0.0200131955135254,0.005498130635583902,0.019573345062678688,0.008577083791510886,0.011875962172861227,0.0,0.0,0.03232900813723334
mendelssohn,mendel_op19_4.mid,62.896907216494846,9.810911103918214,0.6583878380906361,0.5540181007756344,5.493244267682982,-0.013769363166953529,11.849158800407368,2,30.0,83.0,53.0,64.0,0.44332800000000017,2.7101887364662467,0.022336769759450203,0.9725085910652921,0.0,0.18384879725085912,0.07388316151202749,0.012027491408934709,0.2268041237113402,0.010309278350515464,0.08762886597938144,0.0,0.061855670103092786,0.2646048109965636,0.0,0.07903780068728522,0.13941480206540446,0.0051635111876075735,0.008605851979345954,0.04647160068846816,0.0378657487091222,0.04475043029259897,0.020654044750430294,0.06368330464716007,0.07056798623063683,0.07228915662650602,0.024096385542168676,0.0034423407917383822,0.022375215146299483,0.0,0.0051635111876075735,0.05679862306368331,0.043029259896729774,0.04647160068846816,0.0034423407917383822,0.043029259896729774,0.022375215146299483,0.043029259896729774,0.0017211703958691911,0.010327022375215147,0.16523235800344235,0.557476231633535,0.006914433880726016,0.014693171996542784,0.05185825410544512,0.04235090751944685,0.06395851339671564,0.014693171996542784,0.03975799481417459,0.03889369057908384,0.03975799481417459,0.007778738115816767,0.0,0.0,0.0,0.0025929127052722557,0.019878997407087293,0.02247191011235955,0.01296456352636128,0.001728608470181504,0.018150388936905792,0.011235955056179775,0.015557476231633534,0.0025929127052722557,0.001728608470181504,0.01296456352636128
mendelssohn,mendel_op19_5.mid,62.97871396895787,11.75984709371818,0.21240942993902465,0.19500460960294153,12.843500931046586,-0.003105590062111801,14.472520518558674,2,30.0,93.0,63.0,64.0,0.12280999999999764,3.3587285858054816,0.17915742793791578,0.9175166297117516,0.03237250554323725,0.15033259423503326,0.07184035476718403,0.037694013303769404,0.1082039911308204,0.040798226164079826,0.15033259423503326,0.01862527716186253,0.1082039911308204,0.11130820399113082,0.04966740576496674,0.12062084257206208,0.18012422360248448,0.0008873114463176575,0.0044365572315882874,0.019964507542147295,0.013753327417923691,0.009760425909494233,0.013753327417923691,0.027506654835847383,0.04835847382431233,0.07630878438331855,0.04480922803904171,0.02839396628216504,0.0013309671694764862,0.05102040816326531,0.04480922803904171,0.06078083407275954,0.04081632653061224,0.038154392191659274,0.02040816326530612,0.032830523513753325,0.024844720496894408,0.024844720496894408,0.01064773735581189,0.0044365572315882874,0.17701863354037267,0.6015698587127158,0.009419152276295133,0.013814756671899528,0.03108320251177394,0.027001569858712715,0.03139717425431711,0.02260596546310832,0.019152276295133438,0.02794348508634223,0.031711145996860285,0.004081632653061225,0.0003139717425431711,0.0,0.002197802197802198,0.0031397174254317113,0.03799058084772371,0.020094191522762952,0.023547880690737835,0.017896389324960755,0.0141287284144427,0.015384615384615385,0.01946624803767661,0.005023547880690738,0.0012558869701726845,0.01978021978021978
mendelssohn,mendel_op19_6.mid,59.313559322033896,11.361620760889599,0.694826457012712,0.4686900544231684,3.657522648154492,-0.02037351443123939,15.451647321689219,2,29.0,86.0,57.0,60.0,0.571537499999998,2.9364306977641004,0.07118644067796609,0.9525423728813559,0.1135593220338983,0.010169491525423728,0.2423728813559322,0.07796610169491526,0.005084745762711864,0.05593220338983051,0.03728813559322034,0.23728813559322035,0.006779661016949152,0.08644067796610169,0.1152542372881356,0.011864406779661017,0.22071307300509338,0.0,0.013582342954159592,0.028862478777589132,0.030560271646859084,0.023769100169779286,0.01697792869269949,0.03904923599320883,0.035653650254668934,0.06112054329371817,0.006791171477079796,0.001697792869269949,0.010186757215619695,0.001697792869269949,0.003395585738539898,0.0899830220713073,0.03395585738539898,0.013582342954159592,0.008488964346349746,0.01697792869269949,0.025466893039049237,0.01697792869269949,0.01697792869269949,0.011884550084889643,0.27164685908319186,0.4765840220385675,0.0027548209366391185,0.012396694214876033,0.046831955922865015,0.03581267217630854,0.03168044077134986,0.03305785123966942,0.03994490358126722,0.03856749311294766,0.06060606060606061,0.006887052341597796,0.0013774104683195593,0.0,0.0,0.006887052341597796,0.07713498622589532,0.02066115702479339,0.013774104683195593,0.009641873278236915,0.011019283746556474,0.009641873278236915,0.01652892561983471,0.0027548209366391185,0.0,0.045454545454545456
mendelssohn,mendel_op30_1.mid,57.7541935483871,10.184534377116513,0.5541925030967725,0.5544406477597824,5.988642269047297,0.0,13.042315794794863,3,29.0,89.0,60.0,58.0,0.3137746666666601,3.1811907711463276,0.14451612903225808,0.9909677419354839,0.06580645161290323,0.03612903225806452,0.07483870967741936,0.1703225806451613,0.0,0.1135483870967742,0.04516129032258064,0.11419354838709678,0.13548387096774195,0.0064516129032258064,0.18129032258064517,0.0567741935483871,0.16139444803098774,0.0,0.019367333763718526,0.06778566817301485,0.03873466752743705,0.03357004519044545,0.014848289218850872,0.0316333118140736,0.04841833440929632,0.09038089089735313,0.010974822466107165,0.003873466752743706,0.007746933505487412,0.005810200129115558,0.008392511297611363,0.04841833440929632,0.0316333118140736,0.04196255648805681,0.011620400258231117,0.045190445448676564,0.016785022595222725,0.018076178179470628,0.019367333763718526,0.0,0.22401549386701097,0.578080229226361,0.0053724928366762174,0.04083094555873926,0.07843839541547278,0.04691977077363897,0.07342406876790832,0.025071633237822348,0.029369627507163324,0.03151862464183381,0.041189111747851004,0.0060888252148997134,0.00035816618911174784,0.0,0.0,0.0017908309455587394,0.003939828080229226,0.004297994269340974,0.0057306590257879654,0.003939828080229226,0.007521489971346705,0.0064469914040114614,0.0032234957020057307,0.0010744985673352436,0.0,0.0053724928366762174
mendelssohn,mendel_op30_2.mid,61.79821129122415,9.699802464266867,0.21601872692379318,0.19814073458831735,14.404943837920008,-0.024049217002237135,12.575409357813896,2,29.0,82.0,53.0,63.0,0.15675625000000082,3.071456146432431,0.14086081609837897,0.9742873113471213,0.09055338177752935,0.15595304639463387,0.040804918949133594,0.07881498043599776,0.02068194522079374,0.24986025712688653,0.045835662381218556,0.02515371716042482,0.043040804918949134,0.048630519843487985,0.19508105086640581,0.005589714924538848,0.14038031319910516,0.002796420581655481,0.00727069351230425,0.0441834451901566,0.05201342281879195,0.043064876957494405,0.021252796420581657,0.030201342281879196,0.07270693512304251,0.06711409395973154,0.026286353467561523,0.006152125279642058,0.06208053691275168,0.009507829977628635,0.008389261744966443,0.07606263982102908,0.03411633109619687,0.010626398210290829,0.020134228187919462,0.017337807606263984,0.015659955257270694,0.03355704697986577,0.01174496644295302,0.006711409395973154,0.18064876957494408,0.5126231527093597,0.0083128078817734,0.02001231527093596,0.0686576354679803,0.05449507389162562,0.05110837438423645,0.023091133004926108,0.0354064039408867,0.04741379310344827,0.0458743842364532,0.009236453201970444,0.0,0.0,0.0,0.0083128078817734,0.0354064039408867,0.01816502463054187,0.009236453201970444,0.011391625615763547,0.008928571428571428,0.005849753694581281,0.010775862068965518,0.005233990147783251,0.0003078817733990148,0.010160098522167487
mendelssohn,mendel_op30_3.mid,59.91628959276018,10.42359648146664,0.8594734433917797,0.596055797338692,4.252488267864718,-0.027210884353741496,11.280757749169029,2,28.0,95.0,67.0,61.0,0.7590827499999975,2.963390811556513,0.06561085972850678,0.8959276018099548,0.0022624434389140274,0.09502262443438914,0.00904977375565611,0.07918552036199095,0.17647058823529413,0.011312217194570135,0.17647058823529413,0.004524886877828055,0.12895927601809956,0.05656108597285068,0.038461538461538464,0.22171945701357465,0.15873015873015872,0.0,0.024943310657596373,0.02040816326530612,0.018140589569160998,0.02040816326530612,0.018140589569160998,0.05895691609977324,0.03854875283446712,0.05442176870748299,0.03854875283446712,0.015873015873015872,0.0022675736961451248,0.0045351473922902496,0.006802721088435374,0.09977324263038549,0.06575963718820861,0.06802721088435375,0.0045351473922902496,0.05668934240362812,0.022675736961451247,0.04308390022675737,0.022675736961451247,0.0,0.1360544217687075,0.49634146341463414,0.02195121951219512,0.02804878048780488,0.041463414634146344,0.036585365853658534,0.041463414634146344,0.025609756097560974,0.04878048780487805,0.032926829268292684,0.04878048780487805,0.003658536585365854,0.0,0.0,0.0012195121951219512,0.004878048780487805,0.032926829268292684,0.023170731707317073,0.018292682926829267,0.007317073170731708,0.024390243902439025,0.018292682926829267,0.018292682926829267,0.004878048780487805,0.0,0.020731707317073172
mendelssohn,mendel_op30_4.mid,60.82343234323432,8.33535030977563,0.12963167587458718,0.17044275630453598,18.926923193937515,0.002641135688345989,10.7116222269653,2,30.0,88.0,58.0,61.0,0.07515025000000719,3.298345127818889,0.166006600660066,0.9782178217821782,0.046534653465346534,0.09570957095709572,0.12112211221122113,0.022112211221122113,0.09867986798679867,0.02574257425742574,0.2089108910891089,0.10165016501650165,0.027392739273927394,0.07128712871287128,0.04422442244224423,0.13663366336633664,0.12215252558600198,0.005282271376691978,0.01188511059755695,0.03037306041597887,0.02079894354572466,0.03895675140310333,0.03268405414328161,0.061736546715087486,0.06437768240343347,0.1053152855727963,0.020138659623638165,0.00462198745460548,0.03202377022119511,0.005942555298778475,0.017497523935292175,0.050511720039617035,0.03994717728623308,0.040937603169362825,0.01914823374050842,0.03268405414328161,0.02641135688345989,0.03070320237702212,0.019808517662594914,0.006932981181908221,0.15912842522284582,0.36109191430545956,0.007947477539737388,0.022460262612301312,0.06807187284035937,0.044920525224602624,0.04768486523842433,0.027470628887353143,0.061506565307532825,0.0509675190048376,0.07342778161713891,0.022460262612301312,0.0005183137525915688,0.0,0.00017277125086385625,0.011230131306150656,0.03835521769177609,0.016067726330338632,0.022805805114029024,0.015376641326883206,0.026952315134761574,0.013648928818244643,0.010884588804422944,0.011402902557014512,0.0,0.04457498272287491
mendelssohn,mendel_op30_5.mid,59.15973254086181,8.77973222808169,0.25272954156451194,0.2653448668669421,11.920394327848811,0.017843866171003718,10.403587161857121,2,38.0,90.0,52.0,57.0,0.15182187500000002,3.224044161587753,0.13521545319465078,0.9702823179791976,0.023031203566121844,0.12555720653789004,0.18424962852897475,0.015601783060921248,0.0913818722139673,0.018573551263001486,0.14041604754829123,0.06315007429420505,0.06686478454680535,0.14413075780089152,0.014858841010401188,0.11218424962852898,0.16654275092936802,0.0022304832713754648,0.0022304832713754648,0.008921933085501859,0.011895910780669145,0.007434944237918215,0.0037174721189591076,0.012639405204460967,0.035687732342007436,0.046096654275092935,0.0691449814126394,0.10408921933085502,0.0007434944237918215,0.09070631970260223,0.05650557620817844,0.05650557620817844,0.03420074349442379,0.03345724907063197,0.005947955390334572,0.04907063197026022,0.022304832713754646,0.022304832713754646,0.008178438661710037,0.002973977695167286,0.14646840148698884,0.46194120016109547,0.01288763592428514,0.02174788562223117,0.03544099879178413,0.034635521546516314,0.045912202980265805,0.029399919452275474,0.05557792992347966,0.03987112364075715,0.04269029399919452,0.04671768022553363,0.03221908981071285,0.0,0.04470398711236408,0.01852597664115989,0.015706806282722512,0.009262988320579944,0.003221908981071285,0.004027386226339106,0.00724929520741039,0.003624647603705195,0.004027386226339106,0.002013693113169553,0.0,0.028594442207007652
mendelssohn,mendel_op53_5.mid,62.66426991150443,9.736324986653427,0.32421620370344784,0.36014873690051113,11.926038026778546,-0.0016602102933038186,11.400904706364896,2,28.0,82.0,54.0,64.0,0.21670274999999606,3.0110720152674495,0.10176991150442483,0.9380530973451328,0.18030973451327434,0.0027654867256637168,0.1288716814159292,0.011061946902654867,0.19524336283185842,0.05309734513274336,0.019358407079646017,0.03705752212389381,0.06305309734513274,0.16150442477876106,0.0055309734513274336,0.14214601769911506,0.13337022689540676,0.006087437742114001,0.006640841173215274,0.0896513558384062,0.0326508024349751,0.02933038184836746,0.014388489208633094,0.04316546762589928,0.07802988378527947,0.21306032097399003,0.011068068622025456,0.004427227448810182,0.0016602102933038186,0.006640841173215274,0.014941892639734366,0.03099059214167128,0.01383508577753182,0.016602102933038185,0.003320420586607637,0.01383508577753182,0.021029330381848368,0.012728278915329275,0.011068068622025456,0.00996126175982291,0.18151632540121748,0.5672698662470496,0.011277209546289012,0.012326252294781013,0.08234985575662208,0.035667453448728036,0.02884867558353003,0.02071859428271702,0.03147128245476003,0.03697875688434304,0.09231576186729609,0.007605559926567008,0.0026226068712300026,0.0,0.0007867820613690008,0.0034093889325990034,0.01914503015997902,0.007867820613690008,0.007343299239444007,0.0018358248098610018,0.0055074744295830055,0.006031995803829006,0.0055074744295830055,0.0013113034356150013,0.0005245213742460005,0.011277209546289012
mendelssohn,mendel_op62_3.mid,61.41608738828202,11.895884786777644,0.7698860777598473,0.7931922965062196,5.504592430969957,-0.03578528827037773,13.837264627641188,2,26.0,90.0,64.0,64.0,0.8639310000000009,2.8669114420104163,0.055610724925521327,0.9930486593843099,0.070506454816286,0.006951340615690168,0.038728897715988087,0.03475670307845084,0.22939424031777558,0.003972194637537239,0.11320754716981132,0.14299900695134063,0.005958291956305859,0.1112214498510427,0.003972194637537239,0.23833167825223436,0.22564612326043737,0.0019880715705765406,0.005964214711729622,0.041749502982107355,0.010934393638170975,0.041749502982107355,0.014910536779324055,0.06858846918489066,0.061630218687872766,0.110337972166998,0.027833001988071572,0.009940357852882704,0.02882703777335984,0.0,0.010934393638170975,0.04572564612326044,0.02982107355864811,0.04970178926441352,0.002982107355864811,0.014910536779324055,0.008946322067594433,0.007952286282306162,0.005964214711729622,0.0009940357852882703,0.17196819085487078,0.5439045183290707,0.0025575447570332483,0.021739130434782608,0.05413469735720375,0.02514919011082694,0.07075873827791987,0.017902813299232736,0.05115089514066496,0.04390451832907076,0.06479113384484228,0.013213981244671782,0.0012787723785166241,0.0,0.0,0.0034100596760443308,0.018329070758738276,0.014066496163682864,0.017902813299232736,0.005115089514066497,0.00639386189258312,0.00980392156862745,0.008525149190110827,0.002131287297527707,0.0,0.0038363171355498722
mendelssohn,mendel_op62_4.mid,61.5965379494008,10.303306451480214,0.42553060872170434,0.3017643154449726,9.991530082827392,-0.04133333333333333,13.05137125192428,2,31.0,86.0,55.0,62.0,0.39357200000000025,2.701170960561808,0.030625832223701743,0.9933422103861518,0.09187749667110519,0.015978695073235686,0.2782956058588549,0.0,0.07190412782956059,0.009320905459387484,0.0426098535286285,0.25166444740346205,0.0039946737683089215,0.07456724367509987,0.0013315579227696406,0.1584553928095872,0.152,0.0013333333333333333,0.028,0.10266666666666667,0.050666666666666665,0.07333333333333333,0.02266666666666667,0.07333333333333333,0.05733333333333333,0.08,0.018666666666666668,0.0026666666666666666,0.006666666666666667,0.0026666666666666666,0.017333333333333333,0.02266666666666667,0.014666666666666666,0.005333333333333333,0.0026666666666666666,0.018666666666666668,0.006666666666666667,0.006666666666666667,0.005333333333333333,0.0026666666666666666,0.22533333333333333,0.5352585627938213,0.0033579583613163196,0.026192075218267292,0.07991940899932841,0.05708529214237743,0.06850235057085292,0.02216252518468771,0.052384150436534584,0.03425117528542646,0.04969778374748153,0.011417058428475487,0.000671591672263264,0.0,0.0,0.010073875083948958,0.010073875083948958,0.011417058428475487,0.008059100067159167,0.0033579583613163196,0.006715916722632639,0.0020147750167897917,0.002686366689053056,0.0020147750167897917,0.0,0.002686366689053056
mendelssohn,mendel_op62_5.mid,64.09979423868313,11.490258889179927,0.5240972684499312,0.35928937002372535,6.20054266911019,-0.01956745623069001,14.977931868828982,2,33.0,100.0,67.0,64.0,0.43041599999999924,3.0609263974865533,0.191358024691358,0.9753086419753086,0.1183127572016461,0.050411522633744855,0.06481481481481481,0.03909465020576132,0.2602880658436214,0.023662551440329218,0.043209876543209874,0.01440329218106996,0.06584362139917696,0.22119341563786007,0.012345679012345678,0.08641975308641975,0.2451081359423275,0.006179196704428424,0.003089598352214212,0.029866117404737384,0.009268795056642637,0.010298661174047374,0.01132852729145211,0.01956745623069001,0.04737384140061792,0.15036045314109167,0.004119464469618949,0.0010298661174047373,0.006179196704428424,0.008238928939237899,0.007209062821833162,0.07723995880535531,0.032955715756951595,0.028836251287332648,0.006179196704428424,0.046343975283213185,0.012358393408856848,0.018537590113285273,0.010298661174047374,0.006179196704428424,0.20185375901132852,0.5150976909413855,0.008880994671403197,0.004736530491415038,0.0615748963883955,0.02486678507992895,0.03433984606275903,0.03197158081705151,0.027235050325636473,0.046773238602723505,0.09295441089402014,0.0053285968028419185,0.002368265245707519,0.0,0.004736530491415038,0.004736530491415038,0.04854943753700414,0.022498519834221433,0.011249259917110717,0.003552397868561279,0.015985790408525755,0.008288928359976317,0.007104795737122558,0.002368265245707519,0.0,0.014801657785671996
mozart,mz_311_1.mid,67.73468013468013,10.319882544846962,0.17092997298260412,0.16281959201931062,4.237505734143021,-0.009430784776018861,14.012621649405911,2,35.0,88.0,53.0,69.0,0.10962499999999409,3.082785636855983,0.07373737373737377,0.8808080808080808,0.013131313131313131,0.10067340067340068,0.16430976430976432,0.014141414141414142,0.1404040404040404,0.007407407407407408,0.1292929292929293,0.10909090909090909,0.034006734006734006,0.19494949494949496,0.005050505050505051,0.08754208754208755,0.24082182553048165,0.005052206130010104,0.016167059616032334,0.018861569552037723,0.02324014819804648,0.012462108454024925,0.004715392388009431,0.015493432132030987,0.022903334456045806,0.0242505894240485,0.06365779723812731,0.04277534523408555,0.009430784776018861,0.0434489727180869,0.047490737622094985,0.02492421690804985,0.02526103065005052,0.015156618390030314,0.002694509936005389,0.03233411923206467,0.029976423038059953,0.03199730549006399,0.020882452004041766,0.009430784776018861,0.21657123610643314,0.6225828729281768,0.014502762430939226,0.019337016574585635,0.033494475138121545,0.027279005524861878,0.040400552486187846,0.005870165745856353,0.02382596685082873,0.02589779005524862,0.019337016574585635,0.02935082872928177,0.020718232044198894,0.0,0.012430939226519336,0.02451657458563536,0.01761049723756906,0.012085635359116022,0.008287292817679558,0.003107734806629834,0.006215469613259668,0.009323204419889503,0.008632596685082873,0.0006906077348066298,0.0,0.014502762430939226
mozart,mz_311_2.mid,67.93731163351417,10.43090531353665,0.4667993433845684,0.3998124121500288,0.8249267337210643,-0.0024125452352231603,12.294633621728327,3,35.0,88.0,53.0,68.0,0.33302178750000166,3.01086690575441,0.04822182037371914,0.9590114526823388,0.09403254972875226,0.020494273658830622,0.17420132610006028,0.0108499095840868,0.11633514165159735,0.0030138637733574444,0.09282700421940929,0.15973477998794455,0.009041591320072333,0.15310427968655818,0.004822182037371911,0.161543098251959,0.21652593486127866,0.0012062726176115801,0.0036188178528347406,0.016284680337756333,0.010253317249698432,0.011459589867310011,0.009650180940892641,0.030759951749095297,0.03558504221954162,0.04523522316043426,0.12545235223160434,0.032569360675512665,0.0048250904704463205,0.033775633293124246,0.06574185765983112,0.021712907117008445,0.030156815440289506,0.025331724969843185,0.010856453558504222,0.026537997587454766,0.010253317249698432,0.015078407720144753,0.008443908323281062,0.005428226779252111,0.20325693606755127,0.6211546565528866,0.01053518752633797,0.031184155077960386,0.059839865149599665,0.027391487568478718,0.035398230088495575,0.014749262536873156,0.0316055625790139,0.03961230509903076,0.038348082595870206,0.0067425200168563,0.002107037505267594,0.0,0.0008428150021070375,0.007163927517909819,0.006321112515802781,0.008006742520016857,0.01053518752633797,0.004635482511588706,0.01643489254108723,0.010113780025284451,0.004214075010535188,0.0012642225031605564,0.0,0.011799410029498525
mozart,mz_311_3.mid,67.7912994029002,11.181558166783846,0.20488986667792122,0.2278084682827726,5.801611370247737,-0.006825938566552901,13.777112437905817,2,30.0,88.0,58.0,69.0,0.10777400000000625,3.0876857987997854,0.07364230878589706,0.8049473983508673,0.021324992891669035,0.09269263576912141,0.17571794142735286,0.007392664202445266,0.13960762013079328,0.004264998578333807,0.123969292010236,0.10093829968723343,0.03212965595678135,0.17827694057435314,0.008529997156667614,0.11515496161501279,0.2016496018202503,0.0034129692832764505,0.01763367463026166,0.022468714448236633,0.021899886234357225,0.016496018202502846,0.006825938566552901,0.020762229806598406,0.023890784982935155,0.04010238907849829,0.08475540386803185,0.04863481228668942,0.015358361774744027,0.05261660978384528,0.041808873720136516,0.03924914675767918,0.02303754266211604,0.023606370875995448,0.00881683731513083,0.034698521046643914,0.013936291240045506,0.01763367463026166,0.010238907849829351,0.00540386803185438,0.20506257110352674,0.5824710894704809,0.011868533171028607,0.023737066342057214,0.04169202678027997,0.041387705416920266,0.050821667681071214,0.01399878271454656,0.041996348143639686,0.028606208155812538,0.02830188679245283,0.01004260499087036,0.0030432136335970784,0.0,0.007608034083992696,0.008216676810712111,0.02282410225197809,0.017650639074863056,0.011868533171028607,0.004869141813755326,0.013694461351186854,0.01125989044430919,0.006086427267194157,0.0036518563603164943,0.0012172854534388314,0.013085818624467437
mozart,mz_330_1.mid,69.3850020946795,9.11815985602518,0.2221008534230548,0.19374733732991617,8.87751502377565,-0.001466582861931699,12.184462786815573,2,43.0,89.0,46.0,71.0,0.21183449999999482,3.0206726360177565,0.06367825722664433,0.8927524088814411,0.20025136154168413,0.009635525764558023,0.12693757855048177,0.010892333472978634,0.14034352744030162,0.08378718056137412,0.031001256807708422,0.19815668202764977,0.007959782153330541,0.08755760368663594,0.0041893590280687055,0.09928780896522832,0.22166352398910538,0.002933165723863398,0.01005656819610308,0.017179970668342762,0.01257071024512885,0.014246804944479363,0.0033521893987010264,0.016341923318667503,0.03226482296249738,0.0251414204902577,0.09386130316362874,0.03729310706054892,0.011313639220615965,0.03142677561282212,0.05677770794049864,0.03771213073538655,0.04860674628116489,0.034359941336685525,0.010475591870940708,0.0251414204902577,0.023465325790907186,0.021370207416719043,0.019275089042530905,0.010475591870940708,0.18269432222920595,0.6195037004788855,0.01654331737048324,0.037875489769264255,0.037875489769264255,0.026556377884196777,0.027862429255550717,0.01610796691336526,0.02133217239878102,0.01610796691336526,0.01654331737048324,0.0500653025685677,0.013060513713539399,0.0,0.00914235959947758,0.035263387026556375,0.012189812799303439,0.014366565084893338,0.00478885502829778,0.0021767522855899,0.007400957771005659,0.00261210274270788,0.007400957771005659,0.0030474531998258597,0.0,0.0021767522855899
mozart,mz_330_2.mid,63.08742434431742,9.965935080449443,0.8039277281158921,0.6757042768708343,3.756480694166717,-0.02086137281292059,11.971544134964333,2,35.0,84.0,49.0,64.0,0.6333331750000184,3.2387574809710005,0.1768661735036987,0.9253530598520511,0.1862811028917283,0.04640215198386012,0.06254203093476798,0.04640215198386012,0.07330195023537324,0.21654337592468056,0.008069939475453935,0.1062542030934768,0.05245460659045057,0.09280430396772024,0.08540685944855414,0.023537323470073975,0.16352624495289367,0.0006729475100942127,0.006729475100942127,0.034320323014804845,0.028936742934051143,0.007402422611036339,0.018842530282637954,0.04104979811574697,0.03230148048452221,0.07469717362045761,0.059892328398384924,0.02557200538358008,0.09690444145356662,0.014804845222072678,0.03095558546433378,0.06191117092866756,0.028936742934051143,0.020188425302826378,0.005383580080753701,0.016150740242261104,0.029609690444145357,0.016823687752355317,0.008748317631224764,0.011440107671601614,0.1641991924629879,0.5317032739328637,0.024450891007045172,0.024865312888520515,0.055946953999171156,0.03937007874015748,0.0435142975549109,0.026937422295897222,0.04641525072523829,0.026937422295897222,0.06837961044343141,0.021964359718193122,0.0024865312888520514,0.0,0.0,0.007045171985080812,0.023207625362619146,0.0128470783257356,0.009946125155408206,0.002900953170327393,0.003315375051802735,0.0128470783257356,0.0074595938665561546,0.0016576875259013675,0.0,0.005801906340654786
mozart,mz_330_3.mid,67.19403669724771,10.68791915272412,0.2211265376672398,0.19596681550661224,9.043742071070488,-0.007570543702684102,14.710377861642923,2,36.0,89.0,53.0,67.0,0.17055150000001618,3.026862544234606,0.06605504587155964,0.8522935779816514,0.1596330275229358,0.00963302752293578,0.14954128440366973,0.00871559633027523,0.12522935779816513,0.0908256880733945,0.02981651376146789,0.2279816513761468,0.009174311926605505,0.07201834862385322,0.00871559633027523,0.10871559633027524,0.2296398256480844,0.003211745813259922,0.008717595778848359,0.018582243633860976,0.012388162422573986,0.02018811654049094,0.0066529020417526955,0.023858683184216564,0.03074099564120211,0.04611149346180317,0.04542326221610461,0.03945859142005047,0.003670566643725625,0.031199816471667814,0.014223445744436798,0.05505849965588438,0.03877036017435192,0.040605643496214726,0.004817618719889883,0.03968800183528332,0.028446891488873596,0.02798807065840789,0.015599908235833907,0.005047029135122735,0.2099105299380592,0.7276550998948476,0.007886435331230283,0.031545741324921134,0.048370136698212406,0.02260778128286015,0.02996845425867508,0.011303890641430074,0.017613038906414302,0.026813880126182965,0.02260778128286015,0.0010515247108307045,0.0,0.0,0.0,0.002103049421661409,0.016824395373291272,0.00946372239747634,0.005520504731861199,0.0002628811777076761,0.006834910620399579,0.005257623554153523,0.003680336487907466,0.0,0.0,0.0026288117770767614
mozart,mz_331_1.mid,66.75044304817142,9.810188562229017,0.32614917074505817,0.34560412896513754,7.470183994989963,-0.00338382210763777,13.356420258576346,2,33.0,89.0,56.0,69.0,0.2419355000000678,2.9816844709643053,0.07958756242951504,0.9155791847913646,0.032060576768164976,0.1340422104076043,0.09892057354599645,0.027549540840985983,0.25922345738682134,0.010633156114064766,0.05477686483003061,0.003061060093442887,0.0718543579829225,0.18414693088448525,0.006283228612856452,0.11744804253262446,0.22268772155978087,0.006928778601353529,0.012729616500161134,0.02320335159523042,0.016113438607798906,0.019819529487592653,0.006606509829197551,0.026264904930712214,0.02835965194972607,0.03802771511440541,0.03593296809539156,0.025942636158556236,0.02368675475346439,0.03561069932323558,0.02835965194972607,0.04447309055752498,0.04044473090557525,0.031582339671285854,0.005639703512729617,0.037705446342249434,0.017885916854656785,0.027553980019336125,0.0235256203673864,0.005639703512729617,0.21527553980019337,0.5061117578579744,0.010622817229336438,0.023864959254947613,0.044819557625145515,0.02808498253783469,0.040162980209545986,0.011059371362048894,0.0369615832363213,0.03506984866123399,0.032305005820721766,0.008440046565774156,0.002037252619324796,0.0,0.008440046565774156,0.005384167636786961,0.0309953434225844,0.029540162980209547,0.010768335273573923,0.005529685681024447,0.010477299185098952,0.012077997671711293,0.01338766006984866,0.0018917345750873108,0.0,0.0919674039580908
mozart,mz_331_2.mid,66.71764267064528,10.396454067651273,0.30447635100864,0.22230613397566326,7.332349606018306,-0.005970149253731343,13.794925311770191,2,35.0,88.0,53.0,67.0,0.24793399999998655,3.1876383933000003,0.12644535621036923,0.8731816486385677,0.015292801193584483,0.11003356956359567,0.11189854531891086,0.022752704214845206,0.17754569190600522,0.01976874300634092,0.09362178291682208,0.061171204774337934,0.0660201417381574,0.17978366281238345,0.007459903021260724,0.13465124953375607,0.23134328358208955,0.004850746268656716,0.014179104477611941,0.02126865671641791,0.023880597014925373,0.010074626865671642,0.009701492537313432,0.017164179104477612,0.04552238805970149,0.06380597014925374,0.07574626865671642,0.05,0.0070895522388059705,0.03171641791044776,0.030223880597014925,0.037686567164179105,0.02126865671641791,0.016791044776119403,0.005597014925373134,0.019402985074626865,0.005597014925373134,0.026492537313432835,0.010074626865671642,0.0033582089552238806,0.2171641791044776,0.5979462875197472,0.006714060031595577,0.018957345971563982,0.03712480252764613,0.03238546603475513,0.030015797788309637,0.022511848341232227,0.011058451816745656,0.049368088467614535,0.04976303317535545,0.0007898894154818325,0.001184834123222749,0.0,0.001184834123222749,0.0,0.009478672985781991,0.004739336492890996,0.001579778830963665,0.0007898894154818325,0.001579778830963665,0.00315955766192733,0.001579778830963665,0.00315955766192733,0.0007898894154818325,0.1141390205371248
mozart,mz_331_3.mid,67.04469670095779,12.273262775118178,0.12521449307895877,0.11182676458453421,14.869705807395714,-0.00674237047551455,16.743322471129677,2,38.0,88.0,50.0,69.0,0.10416675000000453,3.0957594650502736,0.14721532458318554,0.8726498758424973,0.07804185881518269,0.11457963816956368,0.06278822277403334,0.021284143313231644,0.1833983682156793,0.02447676481021639,0.05250088683930472,0.02199361475700603,0.07307555870876198,0.2433487052146151,0.001418942887548776,0.12309329549485633,0.3041163946061036,0.009226401703335699,0.008516678495386799,0.0017743080198722497,0.0010645848119233499,0.007452093683463449,0.0028388928317956,0.008871540099361249,0.025195173882185947,0.03726046841731725,0.0319375443577005,0.032647267565649396,0.023066004258339247,0.020227111426543647,0.0361958836053939,0.06848828956706884,0.06742370475514549,0.0347764371894961,0.008516678495386799,0.009226401703335699,0.0014194464158978,0.0042583392476933995,0.0056777856635912,0.0007097232079489,0.24911284599006386,0.6647038448216142,0.013162452372705231,0.009698649116730169,0.010737790093522688,0.005195704883962591,0.010391409767925183,0.0027710426047800486,0.00796674748874264,0.025978524419812955,0.039140976792518184,0.023553862140630412,0.0228611014894354,0.0,0.022514721163837893,0.036716314513335645,0.027364045722202978,0.03740907516453065,0.02009005888465535,0.008313127814340146,0.006234845860755109,0.0017319016279875303,0.0017319016279875303,0.0,0.0,0.0017319016279875303
mozart,mz_332_1.mid,64.74271079590228,10.894236700292648,0.24449951020734775,0.20531480232402563,8.89389132474985,-0.0023645320197044333,14.467153022501561,2,30.0,89.0,59.0,65.0,0.20421512500001882,3.2781825614741282,0.15169424743892834,0.9381402679275019,0.16272655634357763,0.024822695035460994,0.09692671394799054,0.04018912529550828,0.08589440504334121,0.16469661150512213,0.01260835303388495,0.152876280535855,0.04058313632781718,0.11386918833727344,0.07131599684791175,0.033490937746256895,0.23014778325123153,0.002758620689655172,0.006699507389162562,0.018916256157635467,0.013399014778325124,0.02167487684729064,0.017142857142857144,0.024039408866995075,0.03310344827586207,0.05339901477832512,0.03625615763546798,0.029753694581280788,0.008866995073891626,0.010049261083743842,0.015960591133004926,0.0729064039408867,0.045123152709359605,0.04374384236453202,0.01458128078817734,0.024433497536945813,0.022857142857142857,0.020295566502463055,0.013596059113300493,0.00374384236453202,0.21655172413793103,0.5016845329249617,0.007963246554364471,0.011791730474732006,0.031546707503828486,0.03920367534456355,0.02909647779479326,0.023430321592649312,0.0451761102603369,0.03859111791730475,0.044716692189892805,0.033843797856049004,0.0333843797856049,0.0,0.023889739663093414,0.019448698315467076,0.03522205206738132,0.021745788667687595,0.013016845329249618,0.013016845329249618,0.007656967840735069,0.005513016845329249,0.006431852986217458,0.002909647779479326,0.0,0.010719754977029096
mozart,mz_332_2.mid,66.86445565969719,8.940503400565996,0.4612508818463119,0.4292060496046207,5.266101249148559,-0.01443001443001443,12.190281636527441,2,46.0,86.0,40.0,67.0,0.4068899999999971,3.2088883558177113,0.1110310021629416,0.9545782263878875,0.1528478731074261,0.023792357606344627,0.11896178803172314,0.09228550829127613,0.035328046142754144,0.18457101658255226,0.02090843547224225,0.10454217736121124,0.01946647440519106,0.0958904109589041,0.13987022350396539,0.011535688536409516,0.16883116883116883,0.005050505050505051,0.017316017316017316,0.02886002886002886,0.015151515151515152,0.020923520923520924,0.007215007215007215,0.021645021645021644,0.051226551226551224,0.06060606060606061,0.07215007215007214,0.03318903318903319,0.03463203463203463,0.03535353535353535,0.03823953823953824,0.04401154401154401,0.031024531024531024,0.027417027417027416,0.002886002886002886,0.02958152958152958,0.024531024531024532,0.027417027417027416,0.023088023088023088,0.010822510822510822,0.16883116883116883,0.5328947368421053,0.02894736842105263,0.034210526315789476,0.07039473684210526,0.038157894736842106,0.05,0.015131578947368421,0.038157894736842106,0.060526315789473685,0.046052631578947366,0.014473684210526316,0.003289473684210526,0.0,0.001973684210526316,0.005263157894736842,0.028289473684210528,0.017763157894736842,0.0013157894736842105,0.001973684210526316,0.002631578947368421,0.004605263157894736,0.0006578947368421052,0.001973684210526316,0.0,0.0013157894736842105
mozart,mz_332_3.mid,67.073544433095,10.601554456570286,0.2078923424806348,0.21961333354042759,9.957174438357422,0.004086497531074408,12.357355018033852,2,34.0,89.0,55.0,67.0,0.10813715000000457,3.258957950108884,0.1460674157303371,0.8433775961865849,0.1947565543071161,0.022131426625808647,0.07660878447395301,0.032005447735784814,0.07048008171603677,0.15389853592100783,0.021109976166155942,0.14061967994552263,0.027238678924072182,0.11678583588695948,0.10078311201906708,0.04358188627851549,0.1653328792780521,0.008683807253533118,0.024348714455985018,0.05363528009535161,0.031329814404903795,0.016345990124297632,0.009024348714455985,0.025710880299676487,0.015154095011067598,0.02928656563936659,0.0955218797888643,0.05567852886088882,0.009535160905840286,0.033032521709518134,0.024178443725523583,0.057210965435041714,0.03490549974459391,0.02928656563936659,0.016005448663374767,0.030308190022135195,0.013962199897837561,0.025370338838753618,0.010897326749531755,0.003064873148305806,0.18218968159373403,0.49028971665074816,0.008914358484559057,0.027857370264247054,0.06892709328239414,0.04170646290990131,0.03279210442534225,0.02037567653613499,0.030245144858325374,0.022922636103151862,0.0259471505889844,0.05810251512257243,0.03724928366762178,0.0,0.033428844317096466,0.01766953199617956,0.024673670805475962,0.013053167780961477,0.008914358484559057,0.005412289079910856,0.004138809296402419,0.0025469595670168737,0.00971028334925183,0.004616364215218083,0.0,0.010506208213944603
mozart,mz_333_1.mid,68.19868466597438,10.317056738452836,0.22008654117485968,0.18339489538057122,9.17460286936914,-0.005712307425999654,13.746844486573623,2,29.0,91.0,62.0,69.0,0.13983839999997372,3.1851340430274226,0.10418830044998273,0.8722741433021807,0.15784008307372793,0.013153340256143994,0.13568708895811699,0.09795777085496711,0.04845967462789893,0.16476289373485636,0.013153340256143994,0.09968847352024922,0.014191761855313257,0.10211145725164417,0.13776393215645552,0.01523018345448252,0.20564306733598753,0.010039813051756967,0.011078414401938722,0.02111822745369569,0.014886619352605159,0.015925220702786912,0.011770815302059893,0.01973342565345335,0.02596503375454388,0.04189025445733079,0.08758871386532803,0.05089146615890601,0.013501817552362818,0.03981305175696728,0.04846806300848191,0.03323524320581617,0.0231954301540592,0.017310022503029255,0.011770815302059893,0.01834862385321101,0.0162714211528475,0.03288904275575558,0.016963822052968668,0.010039813051756967,0.2016617621602908,0.6034214618973561,0.02410575427682737,0.03265940902021773,0.04860031104199067,0.03615863141524106,0.03110419906687403,0.03188180404354588,0.03265940902021773,0.026827371695178848,0.03693623639191291,0.019440124416796267,0.013996889580093312,0.0,0.008942457231726283,0.00933125972006221,0.01166407465007776,0.00583203732503888,0.0015552099533437014,0.0027216174183514776,0.0042768273716951785,0.0023328149300155523,0.0038880248833592537,0.003110419906687403,0.0,0.008553654743390357
mozart,mz_333_2.mid,65.0768424729305,9.849036800697126,0.4921216403510297,0.4118173111788686,5.480744090626906,-0.001397624039133473,12.315500655574287,2,39.0,89.0,50.0,67.0,0.45623520000000894,3.1354229084442187,0.07893817673768777,0.9378274537198743,0.10478519035976248,0.018861334264757248,0.09116311561299337,0.1603213412504366,0.013272790778903249,0.15089067411805798,0.011177086971707998,0.13482361159622774,0.11596227733147049,0.023751309814879495,0.1631156129933636,0.011875654907439748,0.1596785464709993,0.002445842068483578,0.009783368273934312,0.04122990915443746,0.027603074772886094,0.02236198462613557,0.017120894479385047,0.02585604472396925,0.04227812718378756,0.08176100628930817,0.09713487071977638,0.031446540880503145,0.017470300489168415,0.045422781271837874,0.03214535290006988,0.05520614954577219,0.03214535290006988,0.011879804332634521,0.0041928721174004195,0.012578616352201259,0.008385744234800839,0.015373864430468204,0.009783368273934312,0.005939902166317261,0.19077568134171907,0.5907996790585718,0.01631452259962557,0.02460550949451725,0.06766515110992244,0.04894356779887671,0.03423375234019791,0.028349826156726397,0.03583845948114469,0.038780422572880446,0.04974592136935009,0.017116876170098955,0.005883926183471516,0.0,0.0048141214228403315,0.003744316662209147,0.010698047606311848,0.006418828563787109,0.0016047071409467772,0.0016047071409467772,0.0048141214228403315,0.0032094142818935543,0.0032094142818935543,0.0016047071409467772,0.0,0.0
mozart,mz_333_3.mid,67.97430272641805,10.487130684999183,0.21930052490663843,0.20965613861838567,9.16235393712334,-0.013479623824451411,13.269622843172861,2,29.0,89.0,60.0,70.0,0.18181799999996429,3.1197001998147127,0.07771858351613914,0.8426825446568473,0.12817298652460044,0.013788780946411783,0.15104982764023817,0.12159197743654027,0.02130993418990912,0.15951112503917267,0.013788780946411783,0.09244750861798809,0.01880288310874334,0.08774678784080225,0.18176120338451895,0.010028204324663115,0.20407523510971787,0.00438871473354232,0.00909090909090909,0.017868338557993732,0.018495297805642633,0.013166144200626959,0.005015673981191223,0.011598746081504702,0.027899686520376176,0.04326018808777429,0.08683385579937304,0.038557993730407525,0.030094043887147336,0.05454545454545454,0.060815047021943576,0.04357366771159875,0.0335423197492163,0.023824451410658306,0.00909090909090909,0.016300940438871474,0.023824451410658306,0.02006269592476489,0.008463949843260187,0.0034482758620689655,0.1921630094043887,0.6632589838909542,0.01084262701363073,0.017967781908302356,0.03810408921933085,0.032527881040892194,0.026332094175960347,0.016728624535315983,0.01982651796778191,0.030359355638166045,0.026332094175960347,0.020446096654275093,0.006195786864931847,0.0,0.006195786864931847,0.013940520446096654,0.015799256505576207,0.012391573729863693,0.006815365551425031,0.0027881040892193307,0.008674101610904586,0.008364312267657992,0.004337050805452293,0.0015489467162329617,0.0,0.010223048327137546
mozart,mz_545_1.mid,68.21518054532056,9.851781717394934,0.1787844694270456,0.1650830949075433,10.393131342974682,-0.008846295613711759,11.171513911283387,2,36.0,89.0,53.0,67.0,0.11821034583334011,3.115207546535486,0.07590272660280029,0.9255711127487104,0.14959469417833457,0.012527634487840826,0.15254237288135594,0.0058953574060427415,0.13190862196020633,0.0950626381724392,0.025792188651436992,0.1746499631540162,0.008106116433308769,0.1156963890935888,0.023581429624170966,0.10464259395725865,0.1374861776631036,0.0007371913011426465,0.005160339107998526,0.024695908588278657,0.012532252119424991,0.009583486914854404,0.005897530409141172,0.020641356431994103,0.041651308514559525,0.05344636933284187,0.13564319941024697,0.052340582381127904,0.003685956505713233,0.04718024327312938,0.08993733873940288,0.07666789531883524,0.04607445632141541,0.03427939550313306,0.005160339107998526,0.020641356431994103,0.007740508661997788,0.015481017323995577,0.011057869517139697,0.011795060818282344,0.13048286030224843,0.46598639455782315,0.017687074829931974,0.013605442176870748,0.07210884353741497,0.027210884353741496,0.029251700680272108,0.017006802721088437,0.02619047619047619,0.027551020408163266,0.0163265306122449,0.08707482993197278,0.04217687074829932,0.0,0.03333333333333333,0.07959183673469387,0.013605442176870748,0.008503401360544218,0.006462585034013605,0.0006802721088435374,0.007482993197278911,0.0013605442176870747,0.0006802721088435374,0.003401360544217687,0.0,0.0027210884353741495
mozart,mz_545_2.mid,65.15295966474594,8.351790358271991,0.3697188513401428,0.3112174711054111,5.545034009044809,-0.014675052410901468,13.516927602552586,2,43.0,87.0,44.0,64.0,0.2706115000000011,3.1184875619063797,0.10476689366160297,0.929806181246726,0.09743321110529073,0.029858564693556838,0.21948664222105815,0.020953378732320588,0.07700366684127816,0.01571503404924044,0.06966998428496594,0.18438973284442117,0.004714510214772132,0.12310110005238345,0.03352540597171294,0.12414876898899947,0.2348008385744235,0.008385744234800839,0.020964360587002098,0.05188679245283019,0.018343815513626835,0.03563941299790356,0.007337526205450734,0.026729559748427674,0.0220125786163522,0.03825995807127883,0.018343815513626835,0.018867924528301886,0.0041928721174004195,0.00890985324947589,0.006289308176100629,0.0319706498951782,0.018867924528301886,0.024633123689727462,0.005765199161425576,0.05817610062893082,0.020440251572327043,0.039832285115303984,0.027253668763102725,0.0041928721174004195,0.24790356394129978,0.5261752136752137,0.022435897435897436,0.027777777777777776,0.08707264957264957,0.038461538461538464,0.037927350427350424,0.01655982905982906,0.038461538461538464,0.01655982905982906,0.018696581196581196,0.060897435897435896,0.04807692307692308,0.0,0.028846153846153848,0.008547008547008548,0.015491452991452992,0.0016025641025641025,0.004273504273504274,0.0,0.002136752136752137,0.0,0.0,0.0,0.0,0.0
mozart,mz_545_3.mid,67.58064516129032,10.024423867802756,0.18092072005506407,0.13966934041715934,9.09355890968754,-0.04479166666666667,14.29485170868393,2,36.0,89.0,53.0,70.0,0.15597375000000113,3.0837102970833925,0.06763787721123826,0.9625390218522373,0.15816857440166493,0.015608740894901144,0.1259105098855359,0.011446409989594173,0.19771071800208118,0.09885535900104059,0.01040582726326743,0.13215400624349635,0.02497398543184183,0.11030176899063475,0.005202913631633715,0.10926118626430802,0.24479166666666666,0.004166666666666667,0.005208333333333333,0.023958333333333335,0.015625,0.005208333333333333,0.0020833333333333333,0.004166666666666667,0.065625,0.08958333333333333,0.028125,0.026041666666666668,0.03333333333333333,0.029166666666666667,0.035416666666666666,0.05625,0.03958333333333333,0.00625,0.00625,0.009375,0.014583333333333334,0.013541666666666667,0.011458333333333333,0.0020833333333333333,0.228125,0.5358255451713395,0.006230529595015576,0.012461059190031152,0.03946002076843198,0.02699896157840083,0.014537902388369679,0.010384215991692628,0.01973001038421599,0.058151609553478714,0.07684319833852545,0.029075804776739357,0.02699896157840083,0.0,0.030114226375908618,0.03426791277258567,0.030114226375908618,0.01973001038421599,0.009345794392523364,0.0,0.005192107995846314,0.008307372793354102,0.0020768431983385254,0.004153686396677051,0.0,0.0
mozart,mz_570_1.mid,67.47980535279805,9.922985970482118,0.2326025899716139,0.26716588653171913,8.633233692783827,-0.008761255779995133,12.317212437002564,2,34.0,89.0,55.0,69.0,0.18616199999996752,3.243411840869399,0.12944038929440393,0.9031630170316302,0.14841849148418493,0.01897810218978102,0.12798053527980535,0.07396593673965937,0.040389294403892946,0.17323600973236009,0.018491484184914843,0.10218978102189781,0.031630170316301706,0.09197080291970802,0.15279805352798054,0.01995133819951338,0.18009247992212218,0.0017035775127768314,0.015088829398880507,0.022146507666098807,0.02092966658554393,0.015575565831102457,0.011194937941104892,0.015575565831102457,0.03966901922608907,0.047213433925529326,0.09783402287661232,0.06230226332440983,0.027257240204429302,0.034071550255536626,0.04283280603553176,0.03577512776831346,0.020442930153321975,0.021659771233876857,0.0058408371866634215,0.035045023119980534,0.01776587977610124,0.027013871988318325,0.022633244098320758,0.00535410075444147,0.17498174738379169,0.4835341365461847,0.01927710843373494,0.03654618473895582,0.04578313253012048,0.046586345381526104,0.05763052208835341,0.02891566265060241,0.03132530120481928,0.04738955823293173,0.027309236947791166,0.06827309236947791,0.053413654618473895,0.0,0.01285140562248996,0.00642570281124498,0.011646586345381526,0.007630522088353414,0.00321285140562249,0.0012048192771084338,0.005421686746987952,0.001606425702811245,0.001606425702811245,0.0008032128514056225,0.0,0.001606425702811245
mozart,mz_570_2.mid,67.23831300813008,8.993087657158858,0.5637179456777173,0.4680866091795918,4.330480748490099,-0.0157600406710727,11.653585527097935,2,34.0,87.0,53.0,67.0,0.3425543437500167,3.260763278916198,0.13363821138211385,0.9649390243902439,0.12245934959349593,0.021341463414634148,0.07164634146341463,0.18089430894308944,0.026422764227642278,0.12398373983739837,0.02184959349593496,0.14888211382113822,0.09908536585365854,0.023373983739837397,0.11941056910569106,0.04065040650406504,0.1652262328418912,0.006100660904931368,0.009150991357397052,0.02440264361972547,0.02592780884595831,0.022369089984748347,0.013726487036095577,0.021352313167259787,0.061006609049313675,0.11642094560244026,0.02592780884595831,0.02592780884595831,0.0340620233858668,0.05083884087442806,0.02491103202846975,0.057956278596847995,0.021860701576004067,0.022877478393492627,0.004067107269954245,0.020335536349771224,0.018301982714794104,0.02389425521098119,0.01626842907981698,0.002541942043721403,0.18454499237417388,0.45422116527942924,0.01070154577883472,0.02536662703131193,0.07015457788347206,0.04201347602061038,0.04201347602061038,0.03804994054696789,0.034482758620689655,0.053111375346809354,0.08680142687277051,0.030122869599682918,0.02179944510503369,0.0,0.036068172810146654,0.017043202536662704,0.01743955608402695,0.006738010305192232,0.0035671819262782403,0.0,0.004359889021006738,0.0011890606420927466,0.003963535473642489,0.0,0.0007927070947284979,0.0
mozart,mz_570_3.mid,67.87565036420395,9.669977795775072,0.19644492657496546,0.1372753222179573,9.597199729362574,-0.012493492972410203,13.654883976296771,2,36.0,89.0,53.0,70.0,0.15813899999999848,3.1386229552617095,0.0978147762747138,0.9141519250780437,0.13631633714880334,0.01664932362122789,0.13787721123829344,0.10197710718002082,0.031217481789802288,0.14984391259105098,0.019250780437044746,0.08116545265348596,0.015088449531737774,0.0764828303850156,0.21852237252861603,0.015608740894901144,0.20614263404476835,0.002082248828735034,0.00676730869338886,0.048932847475273294,0.029672045809474232,0.01353461738677772,0.007808433107756377,0.015096304008328995,0.038521603331598125,0.061946902654867256,0.07131702238417491,0.031233732431025507,0.05465903175429464,0.015616866215512754,0.03071317022384175,0.01978136387298282,0.012493492972410203,0.02030192608016658,0.00676730869338886,0.02030192608016658,0.010931806350858927,0.022384174908901613,0.007287870900572618,0.007808433107756377,0.23789692868297763,0.5417558886509636,0.02569593147751606,0.01980728051391863,0.07815845824411134,0.04978586723768737,0.028907922912205567,0.017665952890792293,0.021948608137044967,0.0417558886509636,0.05835117773019272,0.05460385438972163,0.027837259100642397,0.0,0.008029978586723769,0.009635974304068522,0.004282655246252677,0.005888650963597431,0.0010706638115631692,0.0026766595289079227,0.0,0.0,0.0,0.0,0.0,0.0021413276231263384
schubert,schu_143_1.mid,60.29730254220842,13.906890990449583,0.47402409556569025,0.45657712282116314,6.832971303823355,-0.004658385093167702,15.525049185509584,2,28.0,93.0,65.0,61.0,0.34254375000000437,3.3152405240885274,0.20570541432175427,0.9912672229769066,0.08674558509606055,0.054531340966427325,0.08344653599844751,0.02581020764603144,0.2018241800892684,0.09140306617504367,0.025422084222782845,0.05433727925480303,0.06481661168251504,0.17484960217349116,0.03512516980399767,0.10168833689113138,0.27853260869565216,0.0038819875776397515,0.006987577639751553,0.027950310559006212,0.020186335403726708,0.04114906832298137,0.012616459627329192,0.042895962732919256,0.04017857142857143,0.04076086956521739,0.014945652173913044,0.017274844720496896,0.02309782608695652,0.018245341614906832,0.005434782608695652,0.016692546583850932,0.018633540372670808,0.023680124223602484,0.008346273291925466,0.040954968944099376,0.015527950310559006,0.022321428571428572,0.013198757763975156,0.010093167701863354,0.23641304347826086,0.5882735450308876,0.006177522488349409,0.015931505364690582,0.050070445431884686,0.032296521079440775,0.03565622629240273,0.011596401864094505,0.03728189010512626,0.03240489866695567,0.03251327625447058,0.010404248401430585,0.009428850113796466,0.0,0.009862360463856074,0.0021675517502980383,0.011704779451609406,0.01300531050178823,0.015064484664571366,0.005310501788230194,0.019724720927712148,0.009320472526281565,0.009537227701311369,0.004009970738051371,0.0018424189877533326,0.036414869405007044
schubert,schu_143_2.mid,64.68060836501901,14.789572308202485,0.6366907212753481,0.6553115446375677,5.739514159675149,-0.01445966514459665,15.10689273031579,2,29.0,98.0,69.0,65.0,0.3007520000000028,3.395359006906359,0.2425855513307985,0.9893536121673003,0.155893536121673,0.08288973384030418,0.05095057034220532,0.02737642585551331,0.07072243346007605,0.11330798479087452,0.05399239543726236,0.1429657794676806,0.05247148288973384,0.09809885931558936,0.12547528517110265,0.02585551330798479,0.23668188736681886,0.0015220700152207,0.00837138508371385,0.0273972602739726,0.0182648401826484,0.0258751902587519,0.0121765601217656,0.0243531202435312,0.01445966514459665,0.04337899543378995,0.03881278538812785,0.0243531202435312,0.0654490106544901,0.02054794520547945,0.04642313546423135,0.02968036529680365,0.015220700152207,0.0182648401826484,0.0091324200913242,0.0273972602739726,0.0197869101978691,0.0213089802130898,0.0182648401826484,0.02815829528158295,0.20471841704718416,0.6659611992945327,0.008112874779541446,0.01798941798941799,0.04832451499118166,0.02292768959435626,0.030687830687830688,0.016931216931216932,0.02927689594356261,0.01798941798941799,0.030335097001763667,0.001763668430335097,0.0003527336860670194,0.0,0.0,0.0014109347442680777,0.01763668430335097,0.010934744268077601,0.006701940035273368,0.004585537918871252,0.014462081128747795,0.010582010582010581,0.01199294532627866,0.0024691358024691358,0.0,0.02857142857142857
schubert,schu_143_3.mid,64.32115497937536,13.084759957916674,0.24819234030642343,0.3162598249419041,10.325756870115027,-0.007073386383731211,16.97693369548147,2,26.0,101.0,75.0,66.0,0.12578600000000506,3.4572679445328034,0.24779021803182089,0.9428403064230996,0.11579257513258692,0.040070713022981735,0.09929286977018267,0.04124926340601061,0.14584560989982323,0.08308780200353565,0.06187389510901591,0.06982911019446081,0.06511490866234532,0.13022981732469063,0.03948143783146729,0.10813199764289923,0.24992631889183614,0.0032419687592101384,0.008841732979664015,0.023872679045092837,0.015915119363395226,0.011788977306218685,0.01237842617152962,0.018862363689949896,0.02475685234305924,0.040377247273798995,0.04538756262894194,0.019451812555260833,0.0002947244326554671,0.0394930739758326,0.07073386383731212,0.023872679045092837,0.027998821102269377,0.034777483053345125,0.01532567049808429,0.02475685234305924,0.017388741526672562,0.023283230179781903,0.008547008547008548,0.00618921308576481,0.23253757736516356,0.6598883572567783,0.0033891547049441787,0.022129186602870814,0.03409090909090909,0.025518341307814992,0.02751196172248804,0.021929824561403508,0.016148325358851676,0.026515151515151516,0.049641148325358854,0.007575757575757576,0.0021929824561403508,0.0,0.00019936204146730463,0.00039872408293460925,0.018740031897926633,0.011562998405103669,0.01076555023923445,0.010167464114832535,0.01036682615629984,0.007575757575757576,0.00817384370015949,0.00039872408293460925,0.00019936204146730463,0.02492025518341308
schubert,schub_d760_1.mid,62.93504823151125,14.22291766274379,0.23927175865979064,0.21262714447710507,13.132110726479786,0.0004288164665523156,17.533134516995915,2,27.0,95.0,68.0,63.0,0.1456309999999803,3.521670410123412,0.322615219721329,0.95005359056806,0.12368703108252947,0.06516613076098607,0.08252947481243302,0.06966773847802786,0.08896034297963558,0.08167202572347267,0.03536977491961415,0.13140407288317257,0.0872454448017149,0.08081457663451233,0.06516613076098607,0.08831725616291533,0.32504288164665524,0.0017152658662092624,0.004288164665523156,0.01265008576329331,0.010934819897084048,0.03023156089193825,0.012864493996569469,0.03516295025728988,0.024013722126929673,0.040737564322469985,0.01951114922813036,0.008576329331046312,0.011578044596912522,0.019082332761578044,0.028730703259005147,0.05274442538593482,0.03280445969125215,0.026801029159519724,0.009005145797598629,0.013507718696397941,0.003216123499142367,0.005574614065180103,0.007718696397941681,0.0047169811320754715,0.25879073756432247,0.7056476748535095,0.0026181274155342225,0.01122054606657524,0.027926692432365043,0.020571001122054608,0.031666874454556786,0.011469891534721357,0.03017080164568009,0.024061837676100237,0.026430619623488343,0.007979054980675726,0.0,0.0,0.00012467273407305821,0.004986909362922329,0.015584091759132277,0.012841291609524998,0.011469891534721357,0.006607654905872086,0.009475127789552425,0.007231018576237377,0.004114200224410921,0.004114200224410921,0.0,0.02368781947388106
schubert,schub_d760_2.mid,59.871462576038084,13.408476190486654,0.4278096382510143,0.681532138937247,8.806755733628242,-0.004232804232804233,13.80157889398768,2,29.0,100.0,71.0,60.0,0.15094558333333907,3.3358531846727284,0.20100502512562812,0.9558317905316054,0.07484792382967469,0.13356254959005553,0.048928854800317376,0.10129595345146787,0.0949484263422375,0.04760645331922772,0.09732874900819889,0.015604337476857974,0.1922771753504364,0.09283258397249405,0.014017455699550383,0.08674953715948162,0.24153439153439155,0.002380952380952381,0.011904761904761904,0.030687830687830688,0.02275132275132275,0.013227513227513227,0.02328042328042328,0.022486772486772486,0.026984126984126985,0.05264550264550265,0.016137566137566138,0.030952380952380953,0.005555555555555556,0.029365079365079365,0.013756613756613757,0.06746031746031746,0.03518518518518519,0.03835978835978836,0.023544973544973546,0.028306878306878308,0.020634920634920634,0.022222222222222223,0.016137566137566138,0.005291005291005291,0.1992063492063492,0.5698790154359616,0.005979696843276317,0.016965651508830483,0.04616882213878459,0.030315672368238074,0.031984424975664026,0.0296203587818106,0.027395355305242664,0.023084411069392297,0.03768599638436935,0.013489083576693088,0.010290641079126686,0.0,0.010290641079126686,0.010012515644555695,0.03407036573494646,0.013906271728549576,0.014184397163120567,0.018217215964399944,0.013906271728549576,0.010012515644555695,0.010012515644555695,0.004171881518564873,0.00041718815185648727,0.017939090529828953
schubert,schub_d760_3.mid,64.92781546811398,13.99393936382669,0.22843847992254615,0.3249630187815419,14.228698289365877,-0.006514657980456026,17.453349046974903,2,27.0,100.0,73.0,67.0,0.11904750000000064,3.428001365672812,0.2789687924016282,0.9666214382632293,0.07815468113975577,0.09687924016282225,0.0485753052917232,0.187516960651289,0.06784260515603799,0.0485753052917232,0.06567164179104477,0.06919945725915876,0.14328358208955225,0.03934871099050204,0.09742198100407055,0.05753052917232022,0.2662866449511401,0.002985884907709012,0.011400651465798045,0.021986970684039087,0.019815418023887078,0.04695982627578719,0.02035830618892508,0.050488599348534204,0.03528773072747014,0.06406080347448426,0.024429967426710098,0.008686210640608035,0.007057546145494028,0.007328990228013029,0.011672095548317047,0.05971769815418024,0.02714440825190011,0.023887079261672096,0.02062975027144408,0.02225841476655809,0.012757871878393051,0.013572204125950055,0.005700325732899023,0.0024429967426710096,0.21308360477741586,0.6750939034960994,0.0015891360878358856,0.01444669170759896,0.02932678416642589,0.02484830973707021,0.03568332851776943,0.022103438312626407,0.02845998266396995,0.018780699219878648,0.02889338341519792,0.01473562554175094,0.0015891360878358856,0.0,0.0,0.005345275931811615,0.018202831551574688,0.01083501878069922,0.0065010112684195315,0.013579890205143023,0.010401618029471251,0.005778676683039584,0.010112684195319271,0.005200809014735626,0.0013002022536839064,0.017191563132042762
schubert,schub_d760_4.mid,65.80940525587829,16.74317994737003,0.18124481194213962,0.18480612220579645,17.542608360677264,-0.001383508577753182,20.960268849652465,2,29.0,101.0,72.0,67.0,0.10321291666667776,3.336092120665397,0.1856154910096819,0.9905947441217151,0.1338865836791148,0.04591977869986169,0.11313969571230982,0.022959889349930845,0.1330567081604426,0.07966804979253111,0.04370677731673582,0.19557399723374827,0.030705394190871368,0.07136929460580912,0.04232365145228216,0.08769017980636237,0.3411732152739347,0.0005534034311012728,0.004703929164360819,0.02877697841726619,0.009131156613171001,0.011068068622025456,0.02462645268400664,0.024349750968456003,0.040398450470392915,0.07498616491422247,0.0035971223021582736,0.0005534034311012728,0.0008301051466519093,0.0002767017155506364,0.00387382401770891,0.05617044825677919,0.03237410071942446,0.0326508024349751,0.01936912008854455,0.007194244604316547,0.00691754288876591,0.010237963475373547,0.007194244604316547,0.006640841173215274,0.2523519645821804,0.7127054361567636,0.00015802781289506955,0.005689001264222503,0.03713653603034134,0.01738305941845765,0.012642225031605562,0.025916561314791402,0.01738305941845765,0.025284450063211124,0.04329962073324905,0.004266750948166877,0.0,0.0,0.0,0.0003160556257901391,0.024810366624525917,0.01359039190897598,0.015486725663716814,0.011219974715549938,0.006321112515802781,0.006321112515802781,0.008849557522123894,0.0036346396965865994,0.0011061946902654867,0.006479140328697851
schubert,schub_d960_1.mid,62.416845243641106,12.711070973523377,0.40386863343581986,0.47373739097906437,8.110916479749772,-0.00046589638464405515,13.100784096759927,2,29.0,101.0,72.0,64.0,0.2381236666666382,3.4788552289207875,0.32656293673716574,0.9471722724308208,0.08077890617721047,0.08711450666169757,0.09782912512810957,0.05040529208981646,0.06093356936550825,0.16425975961986397,0.09261157178794373,0.05357309233206,0.048262368396534056,0.10984813192956303,0.10621447871051896,0.04816919780117395,0.153838986209467,0.0017704062616474097,0.015188222139396199,0.033824077525158404,0.024972046216921357,0.04090570257174804,0.024692508386134925,0.05711889675736116,0.067554975773388,0.07137532612746925,0.030003727171077153,0.010995154677599702,0.04826686544912411,0.010156541185240403,0.020033544539694373,0.04929183749534104,0.03317182258665673,0.022828922847558702,0.010249720462169213,0.02897875512486023,0.016585911293328363,0.02087215803205367,0.00801341781587775,0.003354453969437197,0.1959560193812896,0.5749837264032848,0.0023033398427720194,0.019227880426618597,0.05382805067347654,0.02969305492964799,0.04771919282960292,0.02253267237494367,0.04201091582795053,0.03775474437935006,0.03490060587852386,0.01927795303189625,0.003605227579990987,0.0,0.003354864553602724,0.009563867608031646,0.017224976215512493,0.01602323368884883,0.01216764308246958,0.0063592208702618796,0.012568223924690801,0.009013068949977467,0.00811176205497972,0.0018526863952731461,0.0,0.015923088478293525
schubert,schub_d960_2.mid,57.0126582278481,12.862748465410258,0.7063332022752082,0.8433661628271896,4.462716527991803,-0.005240174672489083,15.679624598899155,2,28.0,88.0,60.0,59.0,0.4243230000000153,3.384858581256631,0.20471409864687906,0.9877782627673505,0.04757747708424269,0.1558271497162811,0.0663465735486687,0.05456132693147097,0.12221737232649497,0.04495853339153208,0.0811872544740288,0.03622872108249672,0.12003491924923614,0.14622435617634222,0.02138804015713662,0.10344827586206896,0.19956331877729258,0.0013100436681222707,0.0026200873362445414,0.014847161572052401,0.016157205240174673,0.020087336244541485,0.017903930131004366,0.05502183406113537,0.06419213973799126,0.0685589519650655,0.022707423580786028,0.009170305676855894,0.05895196506550218,0.009170305676855894,0.02314410480349345,0.03187772925764192,0.025327510917030567,0.022707423580786028,0.013100436681222707,0.021834061135371178,0.014410480349344978,0.01703056768558952,0.00611353711790393,0.0026200873362445414,0.26157205240174675,0.49358341559723595,0.004689042448173741,0.017769002961500493,0.046150049358341556,0.0343040473840079,0.05404738400789733,0.015547877591312933,0.04096742349457058,0.056762092793682134,0.04516288252714709,0.015301085883514315,0.0034550839091806516,0.0,0.0014807502467917078,0.011352418558736426,0.02788746298124383,0.019002961500493583,0.02073050345508391,0.008637709772951628,0.019002961500493583,0.02048371174728529,0.01702862783810464,0.0017275419545903258,0.00024679170779861795,0.024679170779861797
schubert,schub_d960_3.mid,67.49237611181702,10.850649753448351,0.14688991658989878,0.13362849975990662,13.557945737042637,-0.0076263107721639654,15.4093577205605,2,29.0,94.0,65.0,66.0,0.11591974999998911,3.4110543680579415,0.2620711562897078,0.9361499364675985,0.08926302414231257,0.12928843710292248,0.10038119440914867,0.10609911054637865,0.021283354510800507,0.1343710292249047,0.05400254129606099,0.07052096569250317,0.06829733163913596,0.0644853875476493,0.14008894536213468,0.021918678526048285,0.22465840482999683,0.0009532888465204957,0.0076263107721639654,0.02319669526533206,0.026374324753733715,0.014299332697807437,0.043533523991102635,0.05465522720050842,0.08833809977756593,0.06545916746107404,0.03272958373053702,0.005401970130282809,0.011439466158245948,0.002542103590721322,0.010486177311725452,0.020336828725770577,0.016841436288528758,0.017159199237368923,0.002859866539561487,0.028598665395614873,0.016841436288528758,0.02065459167461074,0.004766444232602479,0.005084207181442644,0.2551636479186527,0.5605743344301526,0.005982650314089142,0.011965300628178284,0.048160335028417586,0.03798982949446605,0.03081064911755908,0.04277594974573736,0.05623691295243793,0.09303021238408615,0.05055339515405324,0.01226443314388274,0.004786120251271313,0.0,0.002991325157044571,0.0023930601256356566,0.009871373018247084,0.010469638049655998,0.006281782829793599,0.002991325157044571,0.002991325157044571,0.0035895901884534847,0.0026921926413401138,0.0,0.0,0.0005982650314089142
schubert,schub_d960_4.mid,64.75228535579853,13.037770068269287,0.20509880307738873,0.18349559677892874,11.597957622001825,-0.003764790247400502,16.91804704136061,2,29.0,101.0,72.0,65.0,0.11842749999999569,3.4126514883335566,0.20559240007169743,0.9790284997311346,0.12296110414052698,0.04212224412977236,0.11256497580211508,0.07671625739379817,0.03154687219931888,0.14411184800143395,0.04606560315468722,0.11937623229969528,0.0381788851048575,0.08388600107546156,0.13479118121527156,0.04767879548306148,0.27984940839010397,0.0017927572606669057,0.0051989960559340265,0.011652922194334886,0.015059160989602008,0.020078881319469343,0.020078881319469343,0.03370383650053783,0.042846898529939045,0.043384725708139116,0.016851918250268914,0.008605234851201148,0.0059160989602007885,0.0095016134815346,0.016672642524202225,0.06758694872714234,0.06167084976694156,0.04105414126927214,0.015238436715668699,0.02240946575833632,0.011652922194334886,0.006812477590534241,0.00914306202940122,0.0044818931516672645,0.22875582646109716,0.6897607122982748,0.0040345019476905955,0.009321090706733445,0.020728992765720645,0.021841958820255983,0.01725097384529772,0.011964385086254869,0.018224819143016137,0.023928770172509738,0.016833611574846967,0.010573177518085699,0.0025041736227045075,0.0,0.0002782415136338342,0.007929883138564273,0.035197551474680025,0.02100723427935448,0.01669449081803005,0.006816917084028937,0.01766833611574847,0.01293823038397329,0.01293823038397329,0.0026432943795214247,0.0001391207568169171,0.018781302170283808
schubert,schubert_D850_1.mid,62.78857142857143,13.754267798643141,0.17644535533499392,0.18819840923899028,14.306057096894822,-0.0038543328017012226,15.336743294226002,2,29.0,100.0,71.0,64.0,0.11474466666669514,3.4435645181794583,0.26830564784053157,0.9484385382059801,0.06272425249169435,0.10059800664451828,0.12943521594684385,0.030564784053156147,0.12730897009966777,0.07176079734219269,0.0746843853820598,0.07534883720930233,0.04132890365448505,0.16292358803986712,0.061926910299003324,0.061395348837209304,0.2630249867091972,0.002126528442317916,0.003189792663476874,0.03615098351940457,0.018607123870281767,0.022594364699627858,0.024455077086656035,0.03535353535353535,0.03854332801701223,0.05914407230196704,0.04399255715045189,0.017676767676767676,0.006246677299308878,0.013822434875066455,0.025784157363104732,0.028708133971291867,0.019005847953216373,0.014619883040935672,0.008373205741626795,0.014752791068580542,0.02658160552897395,0.023391812865497075,0.019271664008506113,0.008240297713981925,0.22634237107921318,0.6274757690686894,0.002317741255794353,0.011904761904761904,0.0544669195111673,0.03076274757690687,0.028761061946902654,0.03055204382638011,0.03360724820901812,0.03192161820480405,0.047724399494310996,0.013168984407922461,0.0003160556257901391,0.0,0.002107037505267594,0.005478297513695744,0.019068689422671724,0.012115465655288664,0.008533501896333754,0.00663716814159292,0.008006742520016857,0.005689001264222503,0.007269279393173199,0.002107037505267594,0.0,0.01000842815002107
schubert,schubert_D850_2.mid,62.90852350302321,12.428222611682296,0.4705096448617626,0.4061923305521159,8.47071330087285,-0.0046820132657042525,14.795140872981305,2,29.0,97.0,68.0,64.0,0.39823012499999777,3.375972207629178,0.20382289838111955,0.9869319290033158,0.0649502633118783,0.08211429685976204,0.1404330017554125,0.02321045445679735,0.15096547688706846,0.03900916715428126,0.07704310512970548,0.09089135946947532,0.05090696313633704,0.14979520187244003,0.025746050321825628,0.10493465964501658,0.20366757705813499,0.0015606710885680843,0.016777214202106906,0.04662504877097152,0.04155286773312524,0.060085836909871244,0.017557549746390948,0.050136558720249705,0.07569254779555208,0.05989075302380024,0.027506827936012484,0.004486929379633242,0.00702301989855638,0.003316426063207179,0.015606710885680842,0.03160358954350371,0.031798673429574716,0.026531408505657432,0.00721810378462739,0.024385485758876318,0.013850955911041747,0.01814280140460398,0.016191962543893875,0.003316426063207179,0.19547405384315256,0.5734010931057628,0.0029724805829897403,0.019464953495061846,0.05292933167130118,0.041710614632275385,0.0489979863841212,0.02099913702176623,0.04276536580688465,0.048422667561607055,0.042094160513951484,0.01112283056860677,0.0011506376450282866,0.0,0.00019177294083804776,0.0026848211717326684,0.014191197622015534,0.016971905264167225,0.012465241154473105,0.00469843705053217,0.012752900565730176,0.008725668808131172,0.008342122926455078,0.0033560264646658356,0.00019177294083804776,0.00939687410106434
schubert,schubert_D850_3.mid,62.463089330024815,12.439152244835013,0.3493938661345243,0.25792387629449365,11.436409255118043,-0.0007755545214828603,14.427457944905365,2,31.0,91.0,60.0,64.0,0.361904399999986,3.4057263957991584,0.2382133995037221,0.9889888337468983,0.04869727047146402,0.08250620347394541,0.1723014888337469,0.02651985111662531,0.07351116625310174,0.06187965260545906,0.09785980148883375,0.10406327543424318,0.024503722084367244,0.14097394540942929,0.07661290322580645,0.09057071960297766,0.21296727159919343,0.0007755545214828603,0.0105475414921669,0.03645106250969443,0.03474484256243214,0.06219947262292539,0.019388863037071505,0.06592213432604312,0.06576702342174655,0.07352256863657515,0.020319528462850938,0.009771986970684038,0.004963548937490306,0.012408872343725764,0.010237319683573755,0.02854040639056926,0.029781293624941835,0.020319528462850938,0.011943539630836048,0.022956413835892663,0.01876841941988522,0.013649759578098341,0.011478206917946331,0.0009306654257794323,0.20164417558554365,0.5587870775840701,0.002891844997108155,0.015450714698835,0.04585639923985789,0.03999008510286706,0.052383706519044865,0.015202842270511444,0.04403866809881848,0.04742625795257374,0.04693051309592663,0.008758159134098983,0.00024787242832355615,0.0,0.0,0.005453193423118235,0.023382632405188796,0.02040816326530612,0.014211352557217219,0.008427662563000909,0.012063124845079732,0.011071635131785508,0.009336528133520615,0.004709576138147566,0.00016524828554903743,0.0128067421300504
schubert,schubert_D850_4.mid,65.73264179354192,11.61847312612604,0.22302448060237876,0.1891408295932674,10.944676930930614,-0.004685408299866131,13.495126970226378,2,31.0,100.0,69.0,66.0,0.15197575000001962,3.2753605969492035,0.1499079805922704,0.8691651330098712,0.033461602810774635,0.06591935753722604,0.1689810941944119,0.01472310523674084,0.10071942446043165,0.03781161117617534,0.10891751714907144,0.1335117952149908,0.028609670403212314,0.17768111092521333,0.03530199096536724,0.09436171992638448,0.20097054886211513,0.0028447121820615795,0.01924364123159304,0.03129183400267738,0.02359437751004016,0.027275769745649263,0.019076305220883535,0.03129183400267738,0.043674698795180725,0.045180722891566265,0.043005354752342705,0.018072289156626505,0.008032128514056224,0.023761713520749666,0.03597724230254351,0.03781793842034806,0.04334002677376171,0.030120481927710843,0.012550200803212851,0.02359437751004016,0.019745649263721552,0.026271753681392236,0.01857429718875502,0.00786479250334672,0.20682730923694778,0.5234981610134859,0.004222857921264133,0.024656041411251873,0.047404985696771554,0.042364800435907915,0.037460836398310854,0.025745811197384554,0.030377332788448442,0.03582618171911184,0.04318212777550742,0.017572537801389457,0.002179539572265359,0.0,0.002588203242065114,0.008445715842528265,0.026154474867184307,0.032420651137447215,0.018117422694455796,0.011442582754393135,0.013622122326658494,0.01130636153112655,0.014439449666258004,0.006402397493529492,0.0009535485628660946,0.01961585615038823
schubert,schubert_D935_1.mid,64.16018562970075,11.1058758837928,0.2175193450892137,0.2781128031039833,12.152385883980772,-0.0019206145966709346,12.215062127967782,2,29.0,101.0,72.0,64.0,0.13392850000002454,3.3925386420586423,0.2213154104656745,0.8524563930228837,0.1800288046087374,0.06417026724275884,0.04080652904464714,0.14098255720915345,0.04864778364538326,0.12289966394623139,0.04112658025284045,0.07777244359097456,0.10913746199391902,0.059849575932149145,0.08369339094255081,0.030884941590654504,0.22135083226632524,0.0017605633802816902,0.008642765685019206,0.02560819462227913,0.01968629961587708,0.019526248399487835,0.007522407170294494,0.03265044814340589,0.03649167733674776,0.05265685019206146,0.020806658130601792,0.006081946222791294,0.006882202304737516,0.007522407170294494,0.020646606914212547,0.09651088348271447,0.07810499359795134,0.07602432778489117,0.01088348271446863,0.02208706786171575,0.02176696542893726,0.030409731113956465,0.011683738796414853,0.00528169014084507,0.15941101152368758,0.48361557070595995,0.0026391027050802728,0.013635363976248076,0.04464482076094128,0.032109082911809986,0.04849351220585001,0.010446448207609413,0.030349681108423135,0.03936661535078073,0.041016054541455904,0.007587420277105784,0.00021992522542335605,0.0,0.0,0.003958654057620409,0.027050802727072797,0.023202111282164064,0.028150428854189575,0.007037607213547394,0.009786672531339344,0.019793270288102044,0.02496151308555091,0.004618429733890477,0.0,0.09731691224983506
schubert,schubert_D935_2.mid,61.1853747714808,13.82421655767829,0.5792711624085927,0.4935825607353511,7.146101102761831,-0.0043891733723482075,16.77875685323078,2,29.0,97.0,68.0,63.0,0.5402320854166653,3.1356305862127862,0.14990859232175502,0.9926873857404022,0.10895795246800731,0.14881170018281537,0.005484460694698354,0.20292504570383912,0.05594149908592322,0.07239488117001829,0.04936014625228519,0.027422303473491772,0.18976234003656306,0.05776965265082267,0.07787934186471664,0.0032906764168190127,0.20958302852962693,0.005486466715435259,0.02011704462326262,0.03913679590343819,0.019385515727871252,0.04462326261887344,0.007681053401609363,0.06839795171909291,0.0274323335771763,0.05267008046817849,0.02231163130943672,0.005852231163130944,0.0073152889539136795,0.0021945866861741038,0.019751280175566936,0.0753474762253109,0.038771031455742504,0.0457205559619605,0.002560351133869788,0.025237746891002194,0.017190929041697146,0.025603511338697878,0.0032918800292611556,0.000365764447695684,0.21397220190197513,0.6752260397830018,0.0023508137432188066,0.0162748643761302,0.04159132007233273,0.018806509945750453,0.042495479204339964,0.009041591320072333,0.030018083182640144,0.014285714285714285,0.026582278481012658,0.009403254972875226,0.0,0.0,0.0,0.0054249547920434,0.0216998191681736,0.005244122965641953,0.012296564195298372,0.00108499095840868,0.015551537070524412,0.0108499095840868,0.01139240506329114,0.0018083182640144665,0.0,0.02857142857142857
schubert,schubert_D935_3.mid,64.41338521400779,13.199316388804604,0.374188225816473,0.37150315322438804,9.583882089543543,-0.0043586550435865505,15.644268333388357,2,29.0,101.0,72.0,63.0,0.3161777999999913,3.3508344351141366,0.22396887159533074,0.9796108949416342,0.11953307392996108,0.08793774319066149,0.09961089494163425,0.0715953307392996,0.033929961089494164,0.16342412451361868,0.05307392996108949,0.06583657587548639,0.02443579766536965,0.08124513618677043,0.17478599221789884,0.024591439688715952,0.21481942714819427,0.003268991282689913,0.009495641344956413,0.020236612702366128,0.017434620174346202,0.02537359900373599,0.014788293897882939,0.03300124533001245,0.037515566625155664,0.048567870485678705,0.04778953922789539,0.023194271481942714,0.010118306351183064,0.02412826899128269,0.032534246575342464,0.05510585305105853,0.04016189290161893,0.030510585305105854,0.014009962640099627,0.019925280199252802,0.01665628891656289,0.019458281444582816,0.006537982565379826,0.002646326276463263,0.23272104607721045,0.6485796361315034,0.008378550909671241,0.013086498563676987,0.03558889243536546,0.02138525375039898,0.03016278327481647,0.016358123204596235,0.028886051707628473,0.027449728694541972,0.03120012767315672,0.007261410788381743,0.00015959144589849984,0.0,0.0005585700606447494,0.007500797957229493,0.024337695499521226,0.01779444621768273,0.01883179061602298,0.007979572294924991,0.012288541334184487,0.011729971273539738,0.008059368017874243,0.002952441749122247,0.0007181615065432493,0.01875199489307373
schubert,schubert_D935_4.mid,67.9678631051753,14.688551943774648,0.15911480856070886,0.30076642277092747,14.24470984828835,-0.00918388645376748,17.520251549029314,2,29.0,101.0,72.0,68.0,0.09666200000000913,3.345264674575174,0.18092654424040067,0.9432387312186978,0.16798831385642737,0.1131051752921536,0.0248330550918197,0.07575125208681135,0.06072621035058431,0.11748747913188648,0.023163606010016696,0.10976627712854758,0.13376460767946577,0.020659432387312188,0.10121035058430718,0.05154424040066778,0.22500521811730329,0.0014610728449175538,0.0027134209977040286,0.022333542058025464,0.00960133583802964,0.0139845543727823,0.008557712377374243,0.02567313713212273,0.0279691087455646,0.057816739720308916,0.06512210394489668,0.052807347109163016,0.011897307451471509,0.03965769150490503,0.02588186182425381,0.06929659778751826,0.03026508035900647,0.027342934669171363,0.00918388645376748,0.014610728449175537,0.013358380296389062,0.018159048215403883,0.018159048215403883,0.007722813608849927,0.20141932790649134,0.6931148314076868,0.010257014854987031,0.02039613298750295,0.02640886583352983,0.012732846026880454,0.018156095260551758,0.00978542796510257,0.01733081820325395,0.018745578872907332,0.03371846262673898,0.022164583824569678,0.008134873850506956,0.0,0.005305352511200188,0.012850742749351569,0.031478424899787784,0.01626974770101391,0.013676019806649375,0.005187455788729073,0.00577693940108465,0.005423249233671304,0.005894836123555765,0.0009431737797689225,0.0008252770572978071,0.005423249233671304
schubert,schuim-1.mid,59.3165091494068,11.195067773309427,0.29627536702401325,0.351541525173839,10.777077557082926,-0.008648431214802896,12.912171817215741,2,29.0,92.0,63.0,58.0,0.1480457499999943,3.2191977378330705,0.17212949929619947,0.974864267042027,0.15141765533882967,0.024733561230645486,0.1085863663784436,0.10315704805952142,0.02493464709430927,0.06374421878141967,0.029157450231248744,0.2610094510355922,0.07420068369193646,0.04182585964206716,0.06575507741805751,0.05147798109792882,0.19770716009654063,0.0014078841512469831,0.011866452131938857,0.030168946098149636,0.025341914722445697,0.044448913917940466,0.014279967819790828,0.06355591311343524,0.05651649235720032,0.050683829444891394,0.022727272727272728,0.007843925985518906,0.06617055510860821,0.009654062751407884,0.01588897827835881,0.03901850362027353,0.03559935639581657,0.029766693483507644,0.010458567980691875,0.024738535800482703,0.012872083668543845,0.018905872888173775,0.011866452131938857,0.006234915526950925,0.1922767497988737,0.6195213237466759,0.0035457500246232642,0.018122722348074462,0.04570077809514429,0.03319215995272333,0.04471584753274894,0.013690534817295381,0.045897764207623364,0.0390032502708559,0.03082832660297449,0.008568895892839554,0.002363833349748843,0.0,0.002659312518467448,0.002560819462227913,0.014675465379690732,0.01575888899832562,0.011031222298827933,0.004333694474539545,0.009553826455234907,0.006599034768048853,0.010341770905151187,0.0021668472372697724,0.0012804097311139564,0.01388752092977445
schubert,schuim-2.mid,65.13840279987274,13.155241788123648,0.2848524054777809,0.307798729865638,11.620732388596764,-0.011457670273711012,15.124957849327824,2,30.0,101.0,71.0,65.0,0.11111100000000818,3.390770931509321,0.23258033725739735,0.995227489659561,0.035316576519249125,0.05854279350938594,0.08972319440025453,0.11581291759465479,0.0334075723830735,0.0957683741648107,0.12822144447979636,0.06108813235762011,0.1123130766783328,0.013044861597200128,0.1422208081450843,0.1145402481705377,0.16199872692552514,0.0006365372374283895,0.0019096117122851686,0.017504774029280714,0.012412476129853597,0.01782304264799491,0.009866327180140038,0.026098026734563972,0.028007638446849142,0.044239338001273075,0.1406747294716741,0.06906429026098027,0.0,0.06524506683640993,0.06556333545512412,0.047740292807129214,0.02991725015913431,0.02196053469127944,0.009548058561425843,0.010821133036282623,0.008274984086569064,0.00859325270528326,0.009548058561425843,0.0009548058561425843,0.19159770846594526,0.6175655857911031,0.00342186736190321,0.027049046765520612,0.04366954538047906,0.027537884960078213,0.040899462277985986,0.019064689587746455,0.027049046765520612,0.025093693987290208,0.025093693987290208,0.007658465048069089,0.0013035685188202706,0.0,0.0,0.0035848134267557437,0.01710933680951605,0.012709793058497638,0.018249959263483786,0.005866058334691217,0.0110803324099723,0.014176307642170441,0.014665145836728044,0.0037477594916082778,0.0,0.03340394329476943
schubert,schuim-3.mid,57.168396770472896,9.269144951985592,0.4569783299540277,0.6615606104088882,7.593330682827295,-0.015384615384615385,11.714412303709553,2,29.0,79.0,50.0,58.0,0.1653516083333102,3.2010548248700967,0.12110726643598613,1.0,0.014225297962322183,0.1261053440984237,0.0461361014994233,0.1368704344482891,0.030757400999615533,0.058054594386774315,0.17339484813533257,0.02306805074971165,0.10303729334871203,0.006920415224913495,0.14917339484813533,0.1322568242983468,0.14807692307692308,0.0015384615384615385,0.0034615384615384616,0.011538461538461539,0.008846153846153846,0.01423076923076923,0.013076923076923076,0.061153846153846156,0.07307692307692308,0.08653846153846154,0.023846153846153847,0.002307692307692308,0.0,0.007692307692307693,0.036923076923076927,0.10961538461538461,0.07846153846153846,0.08192307692307692,0.018846153846153846,0.026923076923076925,0.010769230769230769,0.018846153846153846,0.013846153846153847,0.0034615384615384616,0.145,0.5103674063295743,0.0009094216078574026,0.018188432157148052,0.04128774099672608,0.026009457984721717,0.036376864314296105,0.010549290651145871,0.02037104401600582,0.01018552200800291,0.012913786831575118,0.001636958894143325,0.0005456529647144416,0.0,0.00018188432157148054,0.002000727537286286,0.022008002910149146,0.02037104401600582,0.018552200800291015,0.013823208439432522,0.046198617679156055,0.03728628592215351,0.04801746089487086,0.01364132411786104,0.0010913059294288831,0.08748635867588214
schubert,schuim-4.mid,63.014345696291116,13.569010970650798,0.2804869346771502,0.29179500338837633,13.608566361421694,-0.008923884514435695,15.766075104914476,2,32.0,97.0,65.0,63.0,0.21111089999999422,3.262020327089637,0.21658502449265216,0.9657102869139258,0.0824002799160252,0.13838348495451364,0.021693491952414275,0.17162351294611616,0.08659902029391182,0.03953813855843247,0.061931420573827854,0.03691392582225332,0.21868439468159553,0.03603918824352694,0.061931420573827854,0.044261721483554936,0.15765529308836396,0.00034995625546806647,0.01242344706911636,0.013648293963254593,0.01994750656167979,0.050568678915135605,0.02257217847769029,0.08696412948381452,0.07489063867016622,0.14120734908136484,0.009973753280839895,0.0,0.04094488188976378,0.00017497812773403323,0.003499562554680665,0.049168853893263344,0.023272090988626423,0.02904636920384952,0.006124234470691163,0.03237095363079615,0.00752405949256343,0.01837270341207349,0.008748906386701663,0.0013998250218722659,0.18915135608048994,0.5975734656897502,0.0014181044670290711,0.023004805798471598,0.03379815646419286,0.028756007248089497,0.04530055936342866,0.019380761049397306,0.02631371622153943,0.020956432679429607,0.046639880248956114,0.003860395493579138,0.0,0.0,0.0,0.0033089104230678325,0.018908059560387616,0.022768455053966755,0.019380761049397306,0.008902544709682502,0.01788387300086662,0.010163082013708344,0.01788387300086662,0.00606633577562436,0.00015756716300323014,0.027574253525565272
schubert,schumm-1.mid,59.99924442765395,12.010227326806824,0.3192950943237626,0.30910818553121105,9.906051976383901,0.0,14.735075465690423,2,31.0,95.0,64.0,62.0,0.19417466666666883,3.085387924015415,0.0989799773328296,0.9610880241783151,0.08915753683415187,0.009822440498677748,0.1843596524367208,0.023800528900642236,0.10540234227427277,0.029467321496033247,0.06309029089535323,0.23800528900642237,0.004911220249338874,0.11824707215715904,0.030978466188137516,0.10275783906309029,0.2214663643235072,0.0,0.010582010582010581,0.030612244897959183,0.015873015873015872,0.04195011337868481,0.0049130763416477706,0.06500377928949358,0.08843537414965986,0.1073318216175359,0.026832955404383976,0.0045351473922902496,0.005668934240362812,0.0022675736961451248,0.012849584278155708,0.016250944822373395,0.013605442176870748,0.015117157974300832,0.0007558578987150416,0.021919879062736205,0.02418745275888133,0.017384731670445956,0.013605442176870748,0.009070294784580499,0.22978080120937264,0.5995841035120147,0.004158964879852125,0.022412199630314232,0.0506007393715342,0.022874306839186693,0.06099815157116451,0.006469500924214418,0.045748613678373386,0.05660813308687616,0.06677449168207024,0.013401109057301294,0.0,0.0,0.0,0.0036968576709796672,0.009935304990757857,0.005545286506469501,0.00577634011090573,0.0009242144177449168,0.0073937153419593345,0.004158964879852125,0.0,0.0018484288354898336,0.0,0.011090573012939002
schubert,schumm-2.mid,60.26194797338173,11.049292201465807,0.7364521726734223,0.7645312278460478,5.157553893545257,0.0,14.91265936045508,2,32.0,90.0,58.0,60.0,0.43071561666670277,3.260574902646557,0.1954022988505747,0.9963702359346642,0.10163339382940109,0.1306715063520871,0.02601330913490623,0.2220205686630369,0.0205686630369026,0.039927404718693285,0.0677555958862674,0.04597701149425287,0.16394434361766486,0.04295220810647308,0.07864488808227466,0.05989110707803993,0.2542372881355932,0.0006053268765133172,0.012106537530266344,0.039951573849878935,0.021791767554479417,0.041767554479418885,0.018765133171912834,0.02360774818401937,0.022397094430992737,0.03389830508474576,0.007263922518159807,0.0012106537530266344,0.010290556900726392,0.00423728813559322,0.00847457627118644,0.04116222760290557,0.03631961259079903,0.03631961259079903,0.012711864406779662,0.0423728813559322,0.03026634382566586,0.03631961259079903,0.009685230024213076,0.0018159806295399517,0.2524213075060533,0.535377358490566,0.007783018867924528,0.022641509433962263,0.04292452830188679,0.024528301886792454,0.04316037735849056,0.010849056603773584,0.029716981132075472,0.01910377358490566,0.025,0.017452830188679245,0.019339622641509433,0.0,0.018160377358490565,0.014622641509433962,0.017452830188679245,0.011556603773584905,0.02429245283018868,0.008726415094339622,0.028773584905660378,0.01179245283018868,0.012028301886792454,0.00919811320754717,0.005660377358490566,0.039858490566037734
schubert,schumm-3.mid,64.40170132325142,9.428683509370009,0.289216800206758,0.23888770212578253,10.128421628180451,0.0,12.680858122567752,2,37.0,82.0,45.0,65.5,0.16772900000000135,3.0465918528211278,0.1068052930056711,0.9480151228733459,0.2438563327032136,0.06899810964083176,0.015122873345935728,0.07183364839319471,0.046313799621928164,0.19659735349716445,0.010396975425330813,0.06143667296786389,0.15311909262759923,0.027410207939508508,0.09735349716446125,0.007561436672967864,0.17786187322611163,0.0,0.011352885525070956,0.027436140018921477,0.050141911069063384,0.017029328287606435,0.017029328287606435,0.020813623462630087,0.04730368968779565,0.02554399243140965,0.041627246925260174,0.017975402081362345,0.00946073793755913,0.0,0.03784295175023652,0.052980132450331126,0.065279091769158,0.10122989593188268,0.00946073793755913,0.06433301797540208,0.017975402081362345,0.017029328287606435,0.004730368968779565,0.002838221381267739,0.16272469252601704,0.39354473386183464,0.00622876557191393,0.030577576443941108,0.045866364665911666,0.06568516421291053,0.04699886749716874,0.033408833522083806,0.03454133635334088,0.04699886749716874,0.06002265005662514,0.027180067950169876,0.01245753114382786,0.0,0.008493771234428085,0.020951302378255945,0.03114382785956965,0.03001132502831257,0.0622876557191393,0.0056625141562853904,0.013590033975084938,0.009626274065685165,0.01189127972819932,0.0011325028312570782,0.0011325028312570782,0.0005662514156285391
schubert,schumm-4.mid,60.855471698113206,10.420039576580354,0.3557628224150945,0.3993865172365469,8.56879448843424,-0.00604001510003775,13.913146748936414,2,29.0,85.0,56.0,63.0,0.18867925000000696,3.1906341968287353,0.1384905660377358,0.869056603773585,0.045283018867924525,0.16264150943396227,0.017358490566037735,0.0830188679245283,0.13924528301886793,0.05169811320754717,0.08528301886792453,0.007547169811320755,0.21735849056603773,0.08528301886792453,0.01660377358490566,0.08867924528301886,0.2072480181200453,0.0,0.0120800302000755,0.03208758021895055,0.02642506606266516,0.07097017742544356,0.02491506228765572,0.06870517176292941,0.07889769724424311,0.04718761796904492,0.014345035862589657,0.007550018875047188,0.006417516043790109,0.007172517931294828,0.008682521706304265,0.023405058512646282,0.032465081162702907,0.02453756134390336,0.011702529256323141,0.027557568893922236,0.012835032087580219,0.01245753114382786,0.007172517931294828,0.004530011325028313,0.23065307663269158,0.5371391501783976,0.003243593902043464,0.03373337658125203,0.07071034706454751,0.029192345118391177,0.08660395718456049,0.02432695426532598,0.06033084657800843,0.06162828413882582,0.03989620499513461,0.004865390853065196,0.0,0.0,0.0003243593902043464,0.0006487187804086928,0.004865390853065196,0.007135906584495621,0.007460265974699967,0.003243593902043464,0.005838469023678235,0.0035679532922478106,0.0022705157314304248,0.0022705157314304248,0.0,0.010703859876743431
schubert,schumm-5.mid,64.53614457831326,12.10115789141701,0.12758317962923038,0.08395142203388496,19.460069857225434,-0.01162290142057684,16.201814364866255,2,29.0,92.0,63.0,67.0,0.06829975000000132,3.2659851787536227,0.18674698795180722,0.9586919104991394,0.20481927710843373,0.13080895008605853,0.028399311531841654,0.031841652323580036,0.047332185886402756,0.16437177280550774,0.05163511187607573,0.10154905335628227,0.11187607573149742,0.024096385542168676,0.06798623063683305,0.035283993115318414,0.2298751614291864,0.0038743004735256135,0.012914334911752045,0.03917348256564787,0.03056392595781317,0.04390873869995695,0.018510546706844596,0.04907447266465777,0.04993542832544124,0.08136030994403788,0.024537236332328884,0.012053379250968575,0.006026689625484288,0.0008609556607834697,0.007318123116659492,0.02927249246663797,0.027981058975462762,0.019371502367628066,0.006887645286267757,0.01248385708136031,0.01334481274214378,0.015066724063710719,0.005596211795092553,0.006887645286267757,0.2531209642703401,0.6078376876042245,0.0025013896609227346,0.013618677042801557,0.032795997776542525,0.03474152306837132,0.03668704836020011,0.016397998888271263,0.03474152306837132,0.0339077265147304,0.05364091161756531,0.014174541411895497,0.0033351862145636463,0.0,0.0,0.003613118399110617,0.018065591995553083,0.01556420233463035,0.014730405780989438,0.004168982768204558,0.008893829905503057,0.0025013896609227346,0.016675931072818232,0.003057254030016676,0.0019455252918287938,0.0264035575319622
schubert,schumm-6.mid,61.21730382293762,10.182591684572934,0.7768809816104971,0.5330200331388183,6.352414674842792,-0.018117765475591345,12.085447911149451,2,32.0,89.0,57.0,63.0,0.5422990000000141,3.3355275138958635,0.24446680080482897,0.9969818913480886,0.08249496981891348,0.13279678068410464,0.03219315895372234,0.11770623742454728,0.07142857142857142,0.09356136820925554,0.03822937625754527,0.04024144869215292,0.21227364185110664,0.02112676056338028,0.07645875251509054,0.08148893360160966,0.16758933064921994,0.001509813789632612,0.01610468042274786,0.03271263210870659,0.02868646200301963,0.059386009058882736,0.02415702063412179,0.07951685958731756,0.0805234021137393,0.09461499748364369,0.018621036738802214,0.010568696527428284,0.007045797684952189,0.009562154001006542,0.024660291897332664,0.03824861600402617,0.0291897332662305,0.025666834423754403,0.006039255158530448,0.03220936084549572,0.009562154001006542,0.021137393054856568,0.012581781580271767,0.0055359838953195776,0.1645697030699547,0.4665856622114216,0.007290400972053463,0.018833535844471446,0.059740785743215875,0.04191980558930741,0.06703118671526934,0.025313892264074524,0.05002025111381126,0.0530579181855002,0.059943296881328476,0.009518023491292021,0.0004050222762251924,0.0,0.0,0.006682867557715674,0.017415957877683273,0.01701093560145808,0.01761846901579587,0.009518023491292021,0.0159983799108951,0.013568246253543945,0.009923045767517213,0.004657756176589712,0.0004050222762251924,0.02754151478331308
schumann,schum_abegg.mid,68.0733487626847,14.719402565199658,0.21486315434951958,0.20737562030135934,15.145576102337687,-0.004985754985754986,16.042355465281304,2,29.0,101.0,72.0,65.0,0.13043475000000626,3.369740293464248,0.18817874310129967,0.9633256186576464,0.18034538009613674,0.04397365141534627,0.08616699305679189,0.0302652661563112,0.09257610824283426,0.13156489229125867,0.02723873954068008,0.10681858643403952,0.04023500089015489,0.12337546733131564,0.09097382944632366,0.046466085098807196,0.19836182336182337,0.002849002849002849,0.008547008547008548,0.026531339031339033,0.016915954415954417,0.02564102564102564,0.031160968660968662,0.03579059829059829,0.03774928774928775,0.06962250712250712,0.03027065527065527,0.031517094017094016,0.003917378917378918,0.04843304843304843,0.03205128205128205,0.05252849002849003,0.028311965811965812,0.020833333333333332,0.019764957264957264,0.02492877492877493,0.01745014245014245,0.02207977207977208,0.008547008547008548,0.003383190883190883,0.20281339031339032,0.5311275180020053,0.004739768480539605,0.009935283930361864,0.03691550451189499,0.02433688815969374,0.030443897548081304,0.028165162701668033,0.03272263239449458,0.0245191869474068,0.038920791176738675,0.010573329687357578,0.008203445447087777,0.0,0.019688269073010665,0.011211375444353295,0.028620909670950687,0.016589189681888616,0.014766201804757998,0.018321028165162703,0.016406890894175553,0.013490110290766567,0.022058153313280468,0.010573329687357578,0.0019141372709871479,0.045756995715978487
schumann,scn15_1.mid,61.56306306306306,8.879731226432517,0.5222591261777402,0.34326749140403734,5.512083355984177,-0.009029345372460496,11.5012968041638,2,42.0,79.0,37.0,62.0,0.3222405833333326,2.8856019606941268,0.04054054054054057,1.0,0.1036036036036036,0.018018018018018018,0.1981981981981982,0.0045045045045045045,0.09009009009009009,0.0,0.09009009009009009,0.24774774774774774,0.0,0.1036036036036036,0.018018018018018018,0.12612612612612611,0.2076749435665914,0.0,0.0,0.01805869074492099,0.004514672686230248,0.024830699774266364,0.01805869074492099,0.01805869074492099,0.040632054176072234,0.01805869074492099,0.03160270880361174,0.0,0.0,0.0,0.045146726862302484,0.040632054176072234,0.03837471783295711,0.09029345372460497,0.013544018058690745,0.13318284424379231,0.05869074492099323,0.029345372460496615,0.040632054176072234,0.01805869074492099,0.11060948081264109,0.43216630196936545,0.0,0.01312910284463895,0.0525164113785558,0.01312910284463895,0.053610503282275714,0.0087527352297593,0.037199124726477024,0.0525164113785558,0.015317286652078774,0.037199124726477024,0.0,0.0,0.006564551422319475,0.020787746170678335,0.03282275711159737,0.015317286652078774,0.061269146608315096,0.014223194748358862,0.03938730853391685,0.03391684901531729,0.005470459518599562,0.0087527352297593,0.0,0.045951859956236324
schumann,scn15_10.mid,61.25770308123249,9.799429943479435,0.5352049532563025,0.4656806787137745,4.756482771249972,-0.08707865168539326,14.818215005867138,2,32.0,80.0,48.0,63.0,0.47594487499999616,2.991270214619898,0.08963585434173671,1.0,0.0,0.0784313725490196,0.011204481792717087,0.23809523809523808,0.06162464985994398,0.028011204481792718,0.11764705882352941,0.05042016806722689,0.12885154061624648,0.0,0.10084033613445378,0.18487394957983194,0.1853932584269663,0.011235955056179775,0.02247191011235955,0.0056179775280898875,0.03089887640449438,0.0898876404494382,0.0449438202247191,0.08146067415730338,0.07865168539325842,0.11235955056179775,0.02247191011235955,0.0,0.0056179775280898875,0.0,0.008426966292134831,0.0056179775280898875,0.008426966292134831,0.0,0.0,0.0028089887640449437,0.0056179775280898875,0.016853932584269662,0.0,0.0,0.2612359550561798,0.3583690987124464,0.004291845493562232,0.04291845493562232,0.08369098712446352,0.055793991416309016,0.0407725321888412,0.04721030042918455,0.05150214592274678,0.030042918454935622,0.0536480686695279,0.004291845493562232,0.0,0.0,0.0,0.004291845493562232,0.030042918454935622,0.019313304721030045,0.012875536480686695,0.030042918454935622,0.012875536480686695,0.006437768240343348,0.02145922746781116,0.012875536480686695,0.015021459227467811,0.06223175965665236
schumann,scn15_11.mid,62.22192513368984,8.58795017873706,0.33351475161541877,0.2804577754569184,9.033184447681464,-0.03748326639892905,10.846559764565582,2,31.0,79.0,48.0,62.0,0.2955665000000067,3.065567564417313,0.07887700534759357,0.9318181818181818,0.09759358288770054,0.016042780748663103,0.20454545454545456,0.034759358288770054,0.11363636363636363,0.017379679144385027,0.09224598930481283,0.1697860962566845,0.001336898395721925,0.08155080213903744,0.009358288770053475,0.16176470588235295,0.13119143239625167,0.0,0.014725568942436412,0.024096385542168676,0.01740294511378849,0.05220883534136546,0.01740294511378849,0.07228915662650602,0.06961178045515395,0.10575635876840696,0.030789825970548863,0.012048192771084338,0.006693440428380187,0.00535475234270415,0.024096385542168676,0.04685408299866131,0.040160642570281124,0.03346720214190094,0.030789825970548863,0.04551539491298527,0.01740294511378849,0.0321285140562249,0.024096385542168676,0.006693440428380187,0.1392235609103079,0.300597779675491,0.008539709649871904,0.03159692570452605,0.07600341588385995,0.04269854824935952,0.07173356105892399,0.035012809564474806,0.10930828351836037,0.07771135781383433,0.06917164816396243,0.012809564474807857,0.0,0.0,0.0,0.007685738684884714,0.04184457728437233,0.01964133219470538,0.016225448334756618,0.02049530315969257,0.02134927412467976,0.013663535439795047,0.013663535439795047,0.0,0.0,0.010247651579846286
schumann,scn15_12.mid,58.98792270531401,11.902881924152055,0.9115640375402578,0.7087833656293279,4.816482806445429,-0.03389830508474576,13.69607191912598,2,28.0,83.0,55.0,59.0,0.6976745000000051,2.9493422361641306,0.16425120772946855,1.0,0.07971014492753623,0.04106280193236715,0.028985507246376812,0.050724637681159424,0.10628019323671498,0.0,0.18357487922705315,0.05314009661835749,0.06521739130434782,0.06280193236714976,0.007246376811594203,0.321256038647343,0.20823244552058112,0.009685230024213076,0.009685230024213076,0.029055690072639227,0.01694915254237288,0.06053268765133172,0.009685230024213076,0.043583535108958835,0.04600484261501211,0.06779661016949153,0.043583535108958835,0.04116222760290557,0.03631961259079903,0.0,0.009685230024213076,0.009685230024213076,0.012106537530266344,0.01694915254237288,0.009685230024213076,0.021791767554479417,0.01694915254237288,0.021791767554479417,0.026634382566585957,0.002421307506053269,0.23002421307506055,0.5413461538461538,0.028846153846153848,0.019230769230769232,0.041346153846153845,0.04038461538461539,0.05961538461538462,0.008653846153846154,0.05961538461538462,0.0375,0.04038461538461539,0.014423076923076924,0.0057692307692307696,0.0,0.0,0.0038461538461538464,0.014423076923076924,0.011538461538461539,0.022115384615384617,0.006730769230769231,0.020192307692307693,0.0057692307692307696,0.0057692307692307696,0.0028846153846153848,0.0009615384615384616,0.008653846153846154
schumann,scn15_13.mid,61.21097046413502,9.935541511872854,1.1028452809687064,0.8201671753807904,2.934264187184587,-0.0635593220338983,11.766810299285115,2,31.0,91.0,60.0,62.0,1.2439244999999985,3.298257720926657,0.14767932489451474,0.9578059071729957,0.10970464135021098,0.02109704641350211,0.1350210970464135,0.0379746835443038,0.1308016877637131,0.02531645569620253,0.0759493670886076,0.12658227848101267,0.05063291139240506,0.13924050632911392,0.012658227848101266,0.1350210970464135,0.1694915254237288,0.0,0.01694915254237288,0.11440677966101695,0.012711864406779662,0.038135593220338986,0.025423728813559324,0.046610169491525424,0.00847457627118644,0.029661016949152543,0.03389830508474576,0.038135593220338986,0.012711864406779662,0.029661016949152543,0.029661016949152543,0.0211864406779661,0.0211864406779661,0.0423728813559322,0.012711864406779662,0.012711864406779662,0.03389830508474576,0.03389830508474576,0.012711864406779662,0.00423728813559322,0.19915254237288135,0.423963133640553,0.004608294930875576,0.03456221198156682,0.12442396313364056,0.04608294930875576,0.0576036866359447,0.02304147465437788,0.04608294930875576,0.02304147465437788,0.02534562211981567,0.013824884792626729,0.016129032258064516,0.0,0.01152073732718894,0.009216589861751152,0.013824884792626729,0.016129032258064516,0.03225806451612903,0.01152073732718894,0.013824884792626729,0.009216589861751152,0.02304147465437788,0.004608294930875576,0.002304147465437788,0.013824884792626729
schumann,scn15_2.mid,63.08496732026144,8.311695604535904,0.29291650311478756,0.2604798344783198,10.787694439671665,0.0,10.792796288195857,2,45.0,81.0,36.0,62.0,0.2451528999999999,2.9820311122958647,0.065359477124183,1.0,0.02287581699346405,0.10130718954248366,0.12091503267973856,0.0196078431372549,0.09803921568627451,0.00980392156862745,0.1437908496732026,0.12418300653594772,0.013071895424836602,0.27124183006535946,0.0,0.07516339869281045,0.12929623567921442,0.0032733224222585926,0.03436988543371522,0.0425531914893617,0.04582651391162029,0.049099836333878884,0.04746317512274959,0.09328968903436989,0.07692307692307693,0.04091653027823241,0.049099836333878884,0.004909983633387889,0.014729950900163666,0.0016366612111292963,0.014729950900163666,0.016366612111292964,0.019639934533551555,0.027823240589198037,0.011456628477905073,0.014729950900163666,0.009819967266775777,0.019639934533551555,0.027823240589198037,0.0032733224222585926,0.20130932896890344,0.40203932993445013,0.014566642388929352,0.06409322651128915,0.053896576839038604,0.03932993445010925,0.04515659140568099,0.04297159504734159,0.0721048798252003,0.051711580480699196,0.025491624180626365,0.03641660597232338,0.013109978150036417,0.0,0.016023306627822288,0.03641660597232338,0.013838310269482883,0.0065549890750182084,0.016023306627822288,0.0065549890750182084,0.01820830298616169,0.005826656955571741,0.013109978150036417,0.003641660597232338,0.0,0.0029133284777858705
schumann,scn15_3.mid,65.445,10.55447653841724,0.14693325704166668,0.22743500664259028,12.755557884566894,0.012531328320802004,14.2952169072196,2,36.0,86.0,50.0,65.0,0.06387606250000011,3.0868828851186874,0.08999999999999997,0.8175,0.07,0.03,0.12,0.01,0.175,0.015,0.135,0.14,0.005,0.065,0.03,0.205,0.19047619047619047,0.005012531328320802,0.005012531328320802,0.015037593984962405,0.015037593984962405,0.03007518796992481,0.015037593984962405,0.045112781954887216,0.03007518796992481,0.06766917293233082,0.045112781954887216,0.020050125313283207,0.002506265664160401,0.06516290726817042,0.03508771929824561,0.05764411027568922,0.020050125313283207,0.05012531328320802,0.015037593984962405,0.015037593984962405,0.020050125313283207,0.017543859649122806,0.0,0.0,0.21804511278195488,0.6229116945107399,0.02386634844868735,0.028639618138424822,0.014319809069212411,0.014319809069212411,0.03818615751789976,0.028639618138424822,0.016706443914081145,0.014319809069212411,0.014319809069212411,0.014319809069212411,0.0,0.0,0.0,0.00954653937947494,0.021479713603818614,0.014319809069212411,0.04295942720763723,0.014319809069212411,0.00477326968973747,0.02386634844868735,0.031026252983293555,0.0,0.0,0.007159904534606206
schumann,scn15_4.mid,63.82727272727273,7.879039040285757,0.5658434043844699,0.6204693948738388,5.1190488025506475,-0.1004566210045662,10.537991706102732,2,38.0,79.0,41.0,65.0,0.33079804166666626,3.273483122185153,0.13636363636363635,1.0,0.01818181818181818,0.1,0.15454545454545454,0.02727272727272727,0.10909090909090909,0.01818181818181818,0.1,0.11363636363636363,0.045454545454545456,0.17727272727272728,0.02727272727272727,0.10909090909090909,0.1598173515981735,0.0091324200913242,0.0,0.0091324200913242,0.0182648401826484,0.0182648401826484,0.0273972602739726,0.0182648401826484,0.045662100456621,0.1004566210045662,0.0182648401826484,0.0182648401826484,0.0,0.0091324200913242,0.045662100456621,0.0639269406392694,0.1095890410958904,0.045662100456621,0.0182648401826484,0.0776255707762557,0.0182648401826484,0.0365296803652968,0.0091324200913242,0.0,0.1232876712328767,0.3924914675767918,0.020477815699658702,0.027303754266211604,0.06484641638225255,0.030716723549488054,0.05460750853242321,0.051194539249146756,0.017064846416382253,0.020477815699658702,0.05460750853242321,0.0,0.0,0.0,0.0,0.0,0.027303754266211604,0.05802047781569966,0.034129692832764506,0.020477815699658702,0.020477815699658702,0.051194539249146756,0.030716723549488054,0.0,0.013651877133105802,0.010238907849829351
schumann,scn15_5.mid,60.06666666666667,10.706730316678106,0.3335461385802466,0.2938898473682176,10.963935000073132,-0.020771513353115726,14.639977643385677,2,33.0,81.0,48.0,62.0,0.19999999999999574,3.172493483669664,0.16148148148148145,1.0,0.06518518518518518,0.06518518518518518,0.1288888888888889,0.0044444444444444444,0.10814814814814815,0.03259259259259259,0.09185185185185185,0.1688888888888889,0.008888888888888889,0.2222222222222222,0.05037037037037037,0.05333333333333334,0.23590504451038577,0.008902077151335312,0.002967359050445104,0.02373887240356083,0.00741839762611276,0.005934718100890208,0.025222551928783383,0.040059347181008904,0.05341246290801187,0.05934718100890208,0.040059347181008904,0.008902077151335312,0.0,0.004451038575667656,0.011869436201780416,0.05341246290801187,0.02373887240356083,0.01483679525222552,0.01483679525222552,0.06528189910979229,0.010385756676557863,0.06676557863501484,0.019287833827893175,0.010385756676557863,0.19287833827893175,0.5202558635394456,0.0042643923240938165,0.011371712864250177,0.030561478322672354,0.019189765458422176,0.028429282160625444,0.01279317697228145,0.033404406538734895,0.02914001421464108,0.03553660270078181,0.021321961620469083,0.0021321961620469083,0.0,0.005685856432125089,0.012082444918265814,0.03909026297085998,0.03909026297085998,0.024164889836531627,0.02061122956645345,0.023454157782515993,0.007818052594171997,0.029850746268656716,0.0,0.005685856432125089,0.04406538734896944
schumann,scn15_6.mid,52.755172413793105,13.20809799162924,0.34055729894037345,0.2220936556993649,12.05824487107374,-0.07426597582037997,15.547454048727891,2,25.0,81.0,56.0,55.0,0.35822325,3.154981701895359,0.1103448275862069,1.0,0.034482758620689655,0.10344827586206896,0.13448275862068965,0.013793103448275862,0.1482758620689655,0.013793103448275862,0.1206896551724138,0.08620689655172414,0.04827586206896552,0.19310344827586207,0.0,0.10344827586206896,0.31951640759930916,0.0,0.0034542314335060447,0.044905008635578586,0.02072538860103627,0.04145077720207254,0.010362694300518135,0.08290155440414508,0.04145077720207254,0.055267702936096716,0.017271157167530225,0.0,0.0,0.0,0.02072538860103627,0.018998272884283247,0.039723661485319514,0.015544041450777202,0.0034542314335060447,0.010362694300518135,0.010362694300518135,0.0069084628670120895,0.017271157167530225,0.010362694300518135,0.20898100172711573,0.6743827160493827,0.0,0.006172839506172839,0.044753086419753084,0.024691358024691357,0.046296296296296294,0.004629629629629629,0.04861111111111111,0.020061728395061727,0.03780864197530864,0.007716049382716049,0.0,0.0,0.0,0.009259259259259259,0.008487654320987654,0.018518518518518517,0.011574074074074073,0.007716049382716049,0.004629629629629629,0.006172839506172839,0.004629629629629629,0.0030864197530864196,0.0,0.010802469135802469
schumann,scn15_7.mid,61.90350877192982,10.018377235129533,1.1704794619883037,1.16161227576205,3.333096624794554,-0.041758241758241756,12.3436335499835,2,34.0,82.0,48.0,62.0,0.5263159999999942,3.044324657460976,0.06140350877192979,0.993421052631579,0.19078947368421054,0.015350877192982455,0.10964912280701754,0.013157894736842105,0.08771929824561403,0.17324561403508773,0.015350877192982455,0.12938596491228072,0.0043859649122807015,0.16447368421052633,0.08333333333333333,0.013157894736842105,0.16483516483516483,0.0,0.017582417582417582,0.06813186813186813,0.02857142857142857,0.06373626373626373,0.02857142857142857,0.03736263736263736,0.046153846153846156,0.05054945054945055,0.041758241758241756,0.004395604395604396,0.002197802197802198,0.02197802197802198,0.02197802197802198,0.03296703296703297,0.041758241758241756,0.03076923076923077,0.004395604395604396,0.03076923076923077,0.01978021978021978,0.024175824175824177,0.0,0.008791208791208791,0.2087912087912088,0.5068744271310724,0.011915673693858845,0.021998166819431713,0.06874427131072411,0.04307974335472044,0.07882676443629698,0.02016498625114574,0.06599450045829514,0.04216315307057745,0.03758020164986251,0.00916590284142988,0.005499541704857928,0.0,0.0,0.00916590284142988,0.007332722273143905,0.00916590284142988,0.01008249312557287,0.0018331805682859762,0.017415215398716773,0.00916590284142988,0.008249312557286892,0.0,0.002749770852428964,0.012832263978001834
schumann,scn15_8.mid,62.187747035573125,8.738082118741767,0.5204585633028657,0.32252252996597636,7.06467415179407,-0.08514851485148515,12.314793375003596,2,29.0,81.0,52.0,62.0,0.3539852500000009,3.074216386098229,0.07905138339920947,0.9980237154150198,0.2450592885375494,0.003952569169960474,0.1067193675889328,0.019762845849802372,0.09486166007905138,0.14624505928853754,0.015810276679841896,0.09881422924901186,0.015810276679841896,0.12845849802371542,0.1007905138339921,0.023715415019762844,0.1504950495049505,0.011881188118811881,0.023762376237623763,0.053465346534653464,0.03762376237623762,0.055445544554455446,0.03564356435643564,0.041584158415841586,0.02574257425742574,0.04554455445544554,0.02574257425742574,0.005940594059405941,0.0,0.0039603960396039604,0.03564356435643564,0.027722772277227723,0.031683168316831684,0.039603960396039604,0.015841584158415842,0.04950495049504951,0.0297029702970297,0.03564356435643564,0.023762376237623763,0.0,0.19405940594059407,0.3625461254612546,0.014760147601476014,0.03136531365313653,0.06273062730627306,0.048892988929889296,0.06273062730627306,0.04797047970479705,0.0544280442804428,0.035977859778597784,0.058118081180811805,0.01845018450184502,0.0,0.0,0.0,0.01107011070110701,0.023062730627306273,0.04059040590405904,0.015682656826568265,0.01107011070110701,0.026752767527675275,0.013837638376383764,0.024907749077490774,0.00922509225092251,0.0027675276752767526,0.023062730627306273
schumann,scn15_9.mid,63.39350180505415,10.563561834906276,0.28792406129663056,0.1502639990192339,14.540882113295682,-0.034358047016274866,13.522758741213575,2,31.0,81.0,50.0,67.0,0.2542369999999998,2.760651678752353,0.04693140794223827,1.0,0.2851985559566787,0.01444043321299639,0.08664259927797834,0.010830324909747292,0.1407942238267148,0.07942238267148015,0.007220216606498195,0.259927797833935,0.007220216606498195,0.061371841155234655,0.039711191335740074,0.007220216606498195,0.14466546112115733,0.003616636528028933,0.023508137432188065,0.0325497287522604,0.04701627486437613,0.048824593128390596,0.0216998191681736,0.0759493670886076,0.027124773960216998,0.048824593128390596,0.0108499095840868,0.014466546112115732,0.012658227848101266,0.003616636528028933,0.028933092224231464,0.05605786618444846,0.028933092224231464,0.0705244122965642,0.007233273056057866,0.039783001808318265,0.04159132007233273,0.027124773960216998,0.027124773960216998,0.0,0.15732368896925858,0.5289017341040463,0.002890173410404624,0.02745664739884393,0.044797687861271675,0.04190751445086705,0.041184971098265896,0.015895953757225433,0.06502890173410404,0.028901734104046242,0.031791907514450865,0.006502890173410405,0.002890173410404624,0.0,0.001445086705202312,0.01083815028901734,0.030346820809248554,0.008670520231213872,0.03901734104046243,0.002890173410404624,0.019508670520231215,0.01300578034682081,0.01300578034682081,0.004335260115606936,0.0,0.01878612716763006
schumann,scn16_1.mid,66.02041942604856,10.315825207597621,0.14870814202538654,0.11687886220869861,11.392987165073787,0.009387078961899503,10.759322756764918,2,33.0,98.0,65.0,66.0,0.11155733333332307,3.4149113000225726,0.2185430463576159,0.5198675496688742,0.07671081677704195,0.03863134657836645,0.14072847682119205,0.076158940397351,0.07229580573951434,0.1153421633554084,0.041390728476821195,0.11147902869757174,0.03642384105960265,0.1291390728476821,0.13189845474613687,0.029801324503311258,0.13694091662065158,0.0005521811154058532,0.008282716731087797,0.03202650469353948,0.020982882385422418,0.03699613473219216,0.03754831584759801,0.054665930425179456,0.03147432357813363,0.05024848150193263,0.02484815019326339,0.011043622308117063,0.0,0.08393152954168967,0.041413583655438985,0.09828823854224185,0.048039757040309224,0.03920485919381557,0.024295969077857537,0.013252346769740474,0.011595803423522915,0.04527885146327996,0.0027609055770292656,0.004417448923246825,0.14191054665930425,0.5920968769917144,0.025493945188017845,0.036328871892925434,0.029318036966220522,0.043339706819630335,0.05608667941363926,0.032504780114722756,0.021669853409815167,0.021032504780114723,0.042702358189929894,0.0031867431485022306,0.0019120458891013384,0.0,0.0,0.006373486297004461,0.012746972594008922,0.0057361376673040155,0.010834926704907584,0.0057361376673040155,0.0012746972594008922,0.0082855321861058,0.014659018483110261,0.0,0.0031867431485022306,0.025493945188017845
schumann,scn16_2.mid,59.937755698421974,11.951193142235502,0.4743417469991959,0.5630384286599232,7.824147275360279,-0.005846243788365975,14.918054279589626,2,24.0,93.0,69.0,61.0,0.36959450000000516,3.2845561407056674,0.1399766218585622,0.9953243717124488,0.1206896551724138,0.027469316189362946,0.15020455873758037,0.08562244301578024,0.03945061367621274,0.13179427235534774,0.03945061367621274,0.10987726475745178,0.02250146113383986,0.10549386323787259,0.15634132086499122,0.011104617182933957,0.26951183864367145,0.003215434083601286,0.0040923706518561824,0.03478515054077755,0.03156971645717627,0.020169541069862615,0.010523238819058756,0.014907921660333235,0.02747734580532008,0.03127740426775796,0.02104647763811751,0.012569424144986846,0.006138555977784273,0.003800058462437884,0.014615609470914937,0.06021631102016954,0.036831335866705645,0.041216018707980126,0.01636948260742473,0.03653902367728734,0.012277111955568546,0.023677287342882197,0.015492546039169833,0.0043846828412744815,0.24729611224788073,0.5758027143330023,0.005792783846408474,0.016716319099635883,0.043528632903012246,0.03806686527639854,0.0319430652101953,0.015723270440251572,0.02432969215491559,0.031115524660708375,0.026150281363786824,0.007613373055279708,0.0019860973187686196,0.0,0.0026481297583581596,0.006123800066203244,0.015226746110559417,0.013737173121482952,0.019198940748096655,0.010923535253227408,0.011916583912611719,0.014068189341277723,0.016219794769943726,0.0028136378682555446,0.0016550810989738498,0.06669976828864614
schumann,scn16_3.mid,59.29637199795606,11.398753489507337,0.3738099656244682,0.5150169265114406,7.713289389282272,0.014826175869120654,13.480740068024682,2,24.0,94.0,70.0,60.0,0.19260346458332833,3.2911427536618874,0.14307613694430255,0.9381706693919264,0.12263668880940215,0.036791006642820645,0.17833418497700562,0.1027082268778743,0.021461420541645376,0.08226877874297393,0.03525804803270312,0.13643331630045988,0.02350536535513541,0.10066428206438426,0.13387838528359736,0.026060296371997957,0.2198364008179959,0.0010224948875255625,0.011247443762781187,0.03016359918200409,0.018404907975460124,0.02965235173824131,0.023517382413087935,0.010736196319018405,0.023517382413087935,0.032208588957055216,0.04703476482617587,0.032719836400818,0.013292433537832311,0.03783231083844581,0.06441717791411043,0.015848670756646217,0.011758691206543968,0.025051124744376277,0.006134969325153374,0.04805725971370143,0.025051124744376277,0.014826175869120654,0.04294478527607362,0.022494887525562373,0.19222903885480572,0.6147067760559101,0.006077180188392586,0.01731996353691887,0.03494378608325737,0.03129747797022182,0.03494378608325737,0.023093284715891827,0.024308720753570344,0.019446976602856273,0.025220297781829232,0.010331206320267397,0.00850805226374962,0.0,0.003950167122455181,0.019750835612275905,0.012154360376785172,0.012154360376785172,0.006381039197812215,0.005773321178972957,0.011850501367365542,0.007292616226071103,0.0124582193862048,0.009723488301428137,0.001215436037678517,0.04709814646004254
schumann,scn16_4.mid,55.37761194029851,10.967486832975876,1.120673811971393,1.3086491199493238,3.3471152698771314,-0.06427503736920777,12.62179741815177,2,26.0,82.0,56.0,57.0,0.96,3.3022332161342476,0.14776119402985077,0.9835820895522388,0.12835820895522387,0.020895522388059702,0.11194029850746269,0.13134328358208955,0.016417910447761194,0.11044776119402985,0.04626865671641791,0.12686567164179105,0.049253731343283584,0.0955223880597015,0.14776119402985075,0.014925373134328358,0.20029895366218237,0.0014947683109118087,0.007473841554559043,0.04484304932735426,0.02391629297458894,0.01195814648729447,0.014947683109118086,0.014947683109118086,0.026905829596412557,0.04035874439461883,0.07324364723467862,0.053811659192825115,0.014947683109118086,0.016442451420029897,0.02391629297458894,0.01943198804185351,0.013452914798206279,0.052316890881913304,0.029895366218236172,0.05829596412556054,0.02092675635276532,0.01943198804185351,0.01046337817638266,0.005979073243647235,0.20029895366218237,0.43576642335766425,0.008029197080291971,0.032846715328467155,0.04525547445255475,0.02846715328467153,0.041605839416058395,0.027007299270072994,0.033576642335766425,0.03795620437956204,0.035036496350364967,0.024817518248175182,0.01824817518248175,0.0,0.0072992700729927005,0.008759124087591242,0.01167883211678832,0.00948905109489051,0.027737226277372264,0.015328467153284672,0.020437956204379562,0.021167883211678833,0.021897810218978103,0.0021897810218978104,0.0051094890510948905,0.08029197080291971
schumann,scn16_5.mid,60.914614121510674,11.931263633411143,0.28181843459222833,0.2578734820978812,9.36364549874685,0.007667031763417305,14.875715352971303,2,26.0,91.0,65.0,62.0,0.17538749999999936,3.3257192493323107,0.16639299397920082,0.9474548440065681,0.11986863711001643,0.03229337712096333,0.14887794198139026,0.09578544061302682,0.019704433497536946,0.1023535851122058,0.058018609742747675,0.13628899835796388,0.04433497536945813,0.09140667761357417,0.13902572523262177,0.0120415982484948,0.23877327491785322,0.004381161007667032,0.011500547645125958,0.03614457831325301,0.033953997809419496,0.027382256297918947,0.01588170865279299,0.03176341730558598,0.03176341730558598,0.03285870755750274,0.04928806133625411,0.02683461117196057,0.002190580503833516,0.03285870755750274,0.033406352683461114,0.023548740416210297,0.0208105147864184,0.014238773274917854,0.006024096385542169,0.02628696604600219,0.03231106243154436,0.029025191675794086,0.013143483023001095,0.002738225629791895,0.22289156626506024,0.5767979761474521,0.011564871702204554,0.027466570292735814,0.061799783158655586,0.051319118178532706,0.039031441994940366,0.029273581496205278,0.02493675460787857,0.027466570292735814,0.029996385977593062,0.0032526201662450307,0.0007228044813877846,0.0,0.0007228044813877846,0.0014456089627755693,0.016263100831225154,0.01264907842428623,0.013010480664980123,0.013371882905674015,0.02059992771955186,0.016263100831225154,0.009757860498735092,0.0043368268883267076,0.0,0.00795084929526563
schumann,scn16_6.mid,57.2228490832158,10.493653790739618,1.2460648658321583,1.691783133349518,2.9270215887350295,-0.01694915254237288,13.980403789853783,2,26.0,79.0,53.0,58.0,0.6818179999999998,3.230408014237228,0.12270803949224263,0.9633286318758815,0.10578279266572638,0.015514809590973202,0.14386459802538787,0.12834978843441466,0.01692524682651622,0.1861777150916784,0.036671368124118475,0.09449929478138223,0.029619181946403384,0.07757404795486601,0.14104372355430184,0.023977433004231313,0.2344632768361582,0.0014124293785310734,0.018361581920903956,0.029661016949152543,0.03248587570621469,0.01977401129943503,0.0211864406779661,0.026836158192090395,0.026836158192090395,0.02401129943502825,0.052259887005649715,0.02401129943502825,0.018361581920903956,0.043785310734463276,0.04943502824858757,0.01694915254237288,0.015536723163841809,0.025423728813559324,0.007062146892655367,0.015536723163841809,0.01694915254237288,0.038135593220338986,0.02401129943502825,0.011299435028248588,0.2062146892655367,0.5472203616878768,0.016744809109176157,0.02277294038847957,0.05291359678499665,0.03750837240455459,0.033489618218352314,0.025452109845947757,0.038178164768921635,0.012056262558606833,0.03884795713328868,0.011386470194239785,0.0026791694574681848,0.0,0.0006697923643670462,0.008707300736771601,0.026121902210314803,0.015405224380442064,0.02478231748158071,0.0020093770931011385,0.014735432016075016,0.006028131279303416,0.012056262558606833,0.008037508372404554,0.0013395847287340924,0.04085733422638982
schumann,scn16_7.mid,60.89174560216509,11.19505615611326,0.23468913068194658,0.22070450546828357,12.05874872337166,-0.014218009478672985,13.459251710848527,2,31.0,89.0,58.0,62.0,0.11764700000000516,3.2612975698739826,0.1529093369418133,0.9309878213802436,0.13464140730717186,0.013531799729364006,0.15629228687415425,0.12652232746955344,0.02029769959404601,0.08389715832205684,0.036535859269282815,0.18741542625169147,0.04803788903924222,0.060216508795669824,0.09810554803788904,0.03450608930987822,0.1949898442789438,0.0006770480704129993,0.006093432633716994,0.03046716316858497,0.017603249830737983,0.03317535545023697,0.012186865267433988,0.03317535545023697,0.037914691943127965,0.0907244414353419,0.05416384563303995,0.03926878808395396,0.0,0.05958023019634394,0.03249830737982397,0.027758970886932972,0.017603249830737983,0.025050778605280974,0.021665538253215978,0.010155721056194989,0.011509817197020988,0.01828029790115098,0.008801624915368992,0.007447528774542992,0.2092078537576168,0.6105563480741797,0.006181645268663814,0.018544935805991442,0.05611031859248693,0.03281027104136947,0.042796005706134094,0.01806942463147884,0.03566333808844508,0.02330004755111745,0.02330004755111745,0.009985734664764621,0.011412268188302425,0.0,0.008083689966714217,0.008083689966714217,0.006181645268663814,0.011412268188302425,0.015216357584403234,0.009510223490252021,0.012363290537327628,0.01331431288635283,0.009510223490252021,0.004755111745126011,0.0014265335235378032,0.011412268188302425
schumann,scn16_8.mid,59.60787244643747,11.787319654672482,0.31302406175780473,0.5172786067787244,8.623873119047415,-0.015453639082751745,14.382721315913775,2,24.0,84.0,60.0,62.0,0.1207147500000012,3.304034908941586,0.17737917289486793,0.9681116093672147,0.14499252615844543,0.009965122072745391,0.17189835575485798,0.06527154957648232,0.05680119581464873,0.07473841554559044,0.04285002491280518,0.1519681116093672,0.026407573492775286,0.11260587942202292,0.10114598903836572,0.041355256601893375,0.1674975074775673,0.0029910269192422734,0.011465603190428714,0.07527417746759721,0.022931206380857428,0.03489531405782652,0.023928215353938187,0.026919242273180457,0.047856430707876374,0.058325024925224324,0.011964107676969093,0.006979062811565304,0.029411764705882353,0.0,0.025423728813559324,0.08374875373878365,0.054336989032901295,0.054835493519441676,0.024426719840478565,0.02642073778664008,0.019441674975074777,0.013459621136590228,0.010468594217347957,0.006979062811565304,0.1600199401794616,0.6097750193948798,0.002068787173519524,0.015774502198086373,0.05559865528833721,0.036720972329971555,0.03335919317300233,0.022498060512024826,0.02379105249547453,0.026377036462373934,0.031031807602792862,0.005689164727178691,0.0,0.0,0.0,0.005947763123868632,0.021722265321955005,0.011895526247737265,0.015774502198086373,0.0067235583139384535,0.014222911817946729,0.007757951900698216,0.006464959917248513,0.004654771140418929,0.0015515903801396431,0.04059994828032066
schumann,scn68_10.mid,62.19886363636363,7.057410584854982,0.3801630550426138,0.18376318380639425,7.053919181294086,0.02564102564102564,9.7294994836128,2,46.0,77.0,31.0,64.0,0.2985074999999995,2.652412355065835,0.011363636363636354,0.9403409090909091,0.2897727272727273,0.0,0.0625,0.0,0.06818181818181818,0.20454545454545456,0.0,0.07386363636363637,0.0,0.17045454545454544,0.11931818181818182,0.011363636363636364,0.1452991452991453,0.0,0.011396011396011397,0.017094017094017096,0.017094017094017096,0.02849002849002849,0.017094017094017096,0.09686609686609686,0.1225071225071225,0.07977207977207977,0.045584045584045586,0.011396011396011397,0.022792022792022793,0.011396011396011397,0.022792022792022793,0.014245014245014245,0.022792022792022793,0.017094017094017096,0.022792022792022793,0.017094017094017096,0.017094017094017096,0.039886039886039885,0.017094017094017096,0.0,0.18233618233618235,0.29559748427672955,0.0,0.0041928721174004195,0.10062893081761007,0.06708595387840671,0.06289308176100629,0.03773584905660377,0.10482180293501048,0.10062893081761007,0.06289308176100629,0.025157232704402517,0.0,0.0,0.0,0.008385744234800839,0.016771488469601678,0.008385744234800839,0.012578616352201259,0.016771488469601678,0.033542976939203356,0.016771488469601678,0.016771488469601678,0.008385744234800839,0.0,0.0
schumann,scn68_12.mid,59.087808417997095,10.404530914794297,0.18045882812197642,0.10648263250659709,12.514463773753679,0.017429193899782137,13.206410650886367,2,33.0,81.0,48.0,60.0,0.12244900000000158,3.2701855069064436,0.1712626995645864,0.988388969521045,0.1269956458635704,0.029753265602322207,0.04426705370101597,0.013062409288824383,0.1509433962264151,0.11901306240928883,0.02104499274310595,0.08925979680696662,0.04862119013062409,0.19013062409288825,0.05878084179970972,0.1081277213352685,0.3151779230210603,0.002178649237472767,0.0014524328249818446,0.03122730573710966,0.04139433551198257,0.010893246187363835,0.002904865649963689,0.01815541031227306,0.026143790849673203,0.04647785039941903,0.0036310820624546117,0.0,0.0007262164124909223,0.004357298474945534,0.007262164124909223,0.048656499636891795,0.02251270878721859,0.0196078431372549,0.002904865649963689,0.01815541031227306,0.002904865649963689,0.014524328249818447,0.034858387799564274,0.026870007262164125,0.2970225127087872,0.618049225159526,0.0018231540565177757,0.0018231540565177757,0.05195989061075661,0.05742935278030994,0.05104831358249772,0.006381039197812215,0.019143117593436645,0.03372835004557885,0.04557885141294439,0.0,0.0,0.0,0.0,0.0027347310847766638,0.03099361896080219,0.02552415679124886,0.011850501367365542,0.0,0.01276207839562443,0.0027347310847766638,0.019143117593436645,0.0018231540565177757,0.0018231540565177757,0.0036463081130355514
tschai,ty_april.mid,60.075127644055435,7.7174417561403175,0.2578153578805011,0.1821387845787596,10.626330435517573,-0.008759124087591242,9.589832468890938,2,39.0,86.0,47.0,61.0,0.230769,3.273669295466881,0.15317286652078776,0.9350838803792852,0.08096280087527352,0.04449307075127644,0.14806710430342815,0.07512764405543398,0.04814004376367615,0.1772428884026258,0.024070021881838075,0.11524434719183078,0.028446389496717725,0.13931436907366884,0.11086797957695113,0.008023340627279359,0.10364963503649635,0.013138686131386862,0.034306569343065696,0.029197080291970802,0.040145985401459854,0.042335766423357665,0.029927007299270073,0.04890510948905109,0.050364963503649635,0.04890510948905109,0.026277372262773723,0.00291970802919708,0.027007299270072994,0.020437956204379562,0.032116788321167884,0.08029197080291971,0.04890510948905109,0.032846715328467155,0.03941605839416058,0.041605839416058395,0.02335766423357664,0.0364963503649635,0.030656934306569343,0.0021897810218978104,0.1145985401459854,0.22304995617879053,0.019281332164767746,0.031989482909728306,0.057843996494303246,0.03943908851884312,0.06485539000876424,0.049079754601226995,0.04688869412795793,0.05696757230499562,0.05959684487291849,0.035056967572304996,0.0013146362839614374,0.0,0.0,0.02322524101665206,0.06222611744084137,0.03374233128834356,0.028921998247151623,0.022787028921998246,0.03374233128834356,0.024101665205959685,0.020157756354075372,0.024539877300613498,0.0008764241893076249,0.040315512708150744
tschai,ty_august.mid,64.79605263157895,11.212966129364814,0.22418878038051634,0.2736561680725207,12.802340505080698,-0.014808720691073632,10.284546219668128,2,35.0,95.0,60.0,64.0,0.14925350000000037,3.217039372595935,0.16282894736842102,0.9103618421052632,0.02919407894736842,0.0859375,0.15090460526315788,0.008223684210526315,0.10115131578947369,0.031661184210526314,0.17351973684210525,0.06866776315789473,0.029605263157894735,0.054276315789473686,0.06414473684210527,0.20271381578947367,0.11846976552858905,0.0049362402303578775,0.006170300287947347,0.03537638831756479,0.03948992184286302,0.04113533525298231,0.03496503496503497,0.062114356232003294,0.07157548334018922,0.11229946524064172,0.03290826820238585,0.020567667626491155,0.016454134101192924,0.01974496092143151,0.025503907856849032,0.04195804195804196,0.02632661456190868,0.02262443438914027,0.0213903743315508,0.027149321266968326,0.021801727684080625,0.021801727684080625,0.020156314273961334,0.0049362402303578775,0.15014397367338544,0.40148034711587544,0.002552322613578356,0.022970903522205207,0.07554874936191934,0.07478305257784584,0.05257784583971414,0.03522205206738132,0.05410923940786115,0.052322613578356304,0.08652373660030628,0.014293006636038795,0.0035732516590096988,0.0,0.001276161306789178,0.0030627871362940277,0.020673813169984685,0.011230219499744768,0.011230219499744768,0.009188361408882083,0.015058703420112302,0.009954058192955589,0.009443593670239918,0.006891271056661562,0.0005104645227156713,0.025523226135783564
tschai,ty_dezember.mid,62.413739266198284,9.688904870364604,0.3241218247210827,0.1846877313476836,10.719121706725057,0.009371339320577899,13.376355775239876,2,39.0,92.0,53.0,61.0,0.30263299999998594,3.3581466607873187,0.20960187353629978,0.9543325526932084,0.13153786104605777,0.08430913348946135,0.04137392661982826,0.1721311475409836,0.06088992974238876,0.09953161592505855,0.0351288056206089,0.07377049180327869,0.1600312256049961,0.01756440281030445,0.06908665105386416,0.0546448087431694,0.17493166731745413,0.002733307301835221,0.016009371339320577,0.02967590784849668,0.019133151112846546,0.02616165560327997,0.023037875829754,0.0605232331120656,0.08278016399843811,0.06130417805544709,0.030456852791878174,0.02967590784849668,0.0003904724716907458,0.012495119094103866,0.01015228426395939,0.06325654041390082,0.03787582975400234,0.025380710659898477,0.031237797735259663,0.01483795392424834,0.005076142131979695,0.02889496290511519,0.007809449433814916,0.002733307301835221,0.20343615775087856,0.4586525240620703,0.012374779021803181,0.02258888234138676,0.06894519740718916,0.042820663916715775,0.04674916519347869,0.041838538597525045,0.04419563936358279,0.04989196621488902,0.05087409153407975,0.01433902966018464,0.001571400510705166,0.0,0.0,0.007071302298173247,0.023767432724415637,0.02258888234138676,0.020624631703005304,0.01767825574543312,0.015124729915537222,0.008249852681202121,0.010803378511098017,0.010803378511098017,0.0003928501276762915,0.008053427617363976
tschai,ty_februar.mid,63.61800104657247,11.59086101236005,0.27567548056209734,0.22002330072745552,11.76690223554763,-0.012565445026178011,13.448791736719478,2,29.0,93.0,64.0,64.0,0.22058799999999934,3.409452003677774,0.2417582417582418,0.9314495028780743,0.04709576138147567,0.06488749345892203,0.15855572998430142,0.03192046049188906,0.12558869701726844,0.059654631083202514,0.07692307692307693,0.1130298273155416,0.035583464154892726,0.15332286760858188,0.06750392464678179,0.06593406593406594,0.21151832460732983,0.0,0.004188481675392671,0.012565445026178011,0.028272251308900525,0.0356020942408377,0.007329842931937173,0.028795811518324606,0.048167539267015703,0.04764397905759162,0.05549738219895288,0.028272251308900525,0.009424083769633508,0.032460732984293195,0.03717277486910995,0.01780104712041885,0.039790575916230364,0.03821989528795811,0.01099476439790576,0.0549738219895288,0.0387434554973822,0.02356020942408377,0.01099476439790576,0.0005235602094240838,0.1774869109947644,0.4903388406608793,0.002520302436292355,0.028563427611313356,0.03948473816858023,0.04200504060487258,0.05964715765891907,0.020442453094371326,0.037524502940352845,0.04704564547745729,0.052086250350042,0.01652198263791655,0.0005600672080649678,0.0,0.01008120974516942,0.010361243349201904,0.01596191542985158,0.017642117054046485,0.015401848221786614,0.006160739288714646,0.029123494819378325,0.02212265471856623,0.012041444973396808,0.0008401008120974517,0.0005600672080649678,0.02296275553066368
tschai,ty_januar.mid,63.28016085790885,10.122271676275728,0.6377127346444929,0.6126002896265813,5.255743456965303,0.01006036217303823,11.719584378770078,2,33.0,100.0,67.0,64.0,0.43171699999999547,3.4395651558158504,0.2654155495978552,0.8780160857908847,0.07439678284182305,0.09316353887399464,0.0435656836461126,0.06099195710455764,0.16152815013404825,0.030831099195710455,0.09115281501340483,0.0777479892761394,0.0918230563002681,0.0918230563002681,0.0388739946380697,0.14410187667560323,0.12944332662642521,0.002012072434607646,0.012072434607645875,0.0409121395036888,0.02481556002682763,0.05499664654594232,0.025486250838363516,0.06170355466130114,0.04493628437290409,0.04158283031522468,0.03286384976525822,0.03420523138832998,0.00335345405767941,0.05097250167672703,0.05432595573440644,0.028169014084507043,0.047619047619047616,0.05902079141515761,0.019450033534540577,0.04225352112676056,0.02749832327297116,0.011401743796109993,0.00670690811535882,0.00670690811535882,0.1374916163648558,0.45645756457564574,0.010332103321033211,0.024723247232472326,0.06309963099630997,0.03726937269372694,0.08265682656826569,0.027675276752767528,0.05018450184501845,0.04649446494464945,0.03357933579335794,0.013284132841328414,0.0033210332103321034,0.0,0.015129151291512915,0.00996309963099631,0.014760147601476014,0.008487084870848708,0.02029520295202952,0.004059040590405904,0.02841328413284133,0.01734317343173432,0.01107011070110701,0.002952029520295203,0.0,0.01845018450184502
tschai,ty_juli.mid,62.62129629629629,10.551290520734858,0.4247990897280091,0.42507150534717,9.544071152199411,-0.011121408711770158,11.417425934122084,2,34.0,89.0,55.0,63.0,0.242915,3.011871877796572,0.07592592592592595,0.8731481481481481,0.15555555555555556,0.007407407407407408,0.10462962962962963,0.1648148148148148,0.0,0.07962962962962963,0.01574074074074074,0.16203703703703703,0.03611111111111111,0.05185185185185185,0.20555555555555555,0.016666666666666666,0.17330861909175163,0.0018535681186283596,0.009267840593141797,0.013901760889712697,0.021316033364226137,0.05282669138090825,0.006487488415199258,0.03614457831325301,0.05931417979610751,0.057460611677479144,0.03614457831325301,0.0037071362372567192,0.0018535681186283596,0.03243744207599629,0.020389249304911955,0.06765523632993513,0.06580166821130677,0.05004633920296571,0.024096385542168676,0.05004633920296571,0.015755329008341055,0.015755329008341055,0.018535681186283594,0.004633920296570899,0.16126042632066728,0.45680033071517157,0.005787515502273667,0.03307151715584952,0.06614303431169904,0.02315006200909467,0.062422488631665975,0.03059115336916081,0.046713517982637454,0.04464654816039686,0.03224472922695329,0.012401818933443571,0.00041339396444811904,0.0,0.0008267879288962381,0.007027697395618024,0.024390243902439025,0.02232327408019843,0.025217031831335262,0.009921455146754857,0.031831335262505166,0.015295576684580404,0.00826787928896238,0.005374121537825548,0.00041339396444811904,0.034725093013642
tschai,ty_juni.mid,64.20505992010652,11.422780796937829,0.5047125219928997,0.35489611718123454,6.38222743296641,0.031978680879413725,12.724950311962607,2,31.0,103.0,72.0,65.0,0.3269779999999969,3.1774863921236727,0.1757656458055925,0.9573901464713716,0.08721704394141146,0.02729693741677763,0.2270306258322237,0.05992010652463382,0.045938748335552594,0.045272969374167776,0.06258322237017311,0.2010652463382157,0.006657789613848202,0.08322237017310254,0.12050599201065246,0.033288948069241014,0.15789473684210525,0.0073284477015323115,0.015989340439706862,0.021985343104596936,0.019320453031312457,0.04463690872751499,0.015323117921385743,0.03930712858094604,0.04730179880079947,0.059293804130579615,0.039973351099267154,0.02465023317788141,0.001998667554963358,0.023317788141239172,0.04863424383744171,0.0899400399733511,0.039973351099267154,0.03930712858094604,0.0313124583610926,0.02731512325116589,0.014656895403064623,0.021319120586275817,0.011325782811459028,0.0006662225183211193,0.15722851432378415,0.4963720316622691,0.009894459102902375,0.021437994722955146,0.05804749340369393,0.03133245382585752,0.048153034300791556,0.041886543535620054,0.040897097625329816,0.03660949868073879,0.05408970976253298,0.014511873350923483,0.0032981530343007917,0.0,0.0016490765171503958,0.0079155672823219,0.034630606860158314,0.0158311345646438,0.013192612137203167,0.020448548812664908,0.01912928759894459,0.008245382585751979,0.011213720316622692,0.005277044854881266,0.00032981530343007914,0.005606860158311346
tschai,ty_maerz.mid,62.67336683417086,10.043065270185771,0.7809542927973204,0.7291221600732337,4.073276965466872,0.0,11.482259441381503,2,38.0,86.0,48.0,62.0,0.7024114999999966,2.89137998922477,0.12897822445561136,0.983249581239531,0.08040201005025126,0.021775544388609715,0.2562814070351759,0.04020100502512563,0.0016750418760469012,0.02512562814070352,0.09547738693467336,0.19597989949748743,0.0033500837520938024,0.11557788944723618,0.1574539363484087,0.006700167504187605,0.14093959731543623,0.015100671140939598,0.006711409395973154,0.01174496644295302,0.026845637583892617,0.030201342281879196,0.006711409395973154,0.03355704697986577,0.053691275167785234,0.0587248322147651,0.04194630872483222,0.030201342281879196,0.03691275167785235,0.05201342281879195,0.030201342281879196,0.06543624161073826,0.06879194630872483,0.0436241610738255,0.013422818791946308,0.03355704697986577,0.015100671140939598,0.013422818791946308,0.0050335570469798654,0.015100671140939598,0.15100671140939598,0.4659176029962547,0.023220973782771534,0.017977528089887642,0.04269662921348315,0.0449438202247191,0.050187265917602995,0.01647940074906367,0.05468164794007491,0.045692883895131084,0.04794007490636704,0.017228464419475654,0.0,0.0,0.0052434456928838954,0.01198501872659176,0.02696629213483146,0.033707865168539325,0.027715355805243445,0.006741573033707865,0.02247191011235955,0.015730337078651686,0.003745318352059925,0.006741573033707865,0.000749063670411985,0.011235955056179775
tschai,ty_mai.mid,62.813559322033896,9.839699007771006,0.6057133477941188,0.6560661815001855,5.134040212024786,0.0,11.188281579875385,2,40.0,98.0,58.0,62.0,0.3614460000000008,3.303809361731243,0.15054835493519436,0.9262213359920239,0.03788634097706879,0.10069790628115653,0.15952143569292124,0.018943170488534396,0.08374875373878365,0.027916251246261216,0.14456630109670987,0.12063808574277168,0.015952143569292122,0.12362911266201396,0.049850448654037885,0.11665004985044865,0.15269461077844312,0.000998003992015968,0.011976047904191617,0.03493013972055888,0.02594810379241517,0.03093812375249501,0.017964071856287425,0.031936127744510975,0.02694610778443114,0.06187624750499002,0.04790419161676647,0.006986027944111776,0.020958083832335328,0.010978043912175649,0.02594810379241517,0.06287425149700598,0.054890219560878244,0.0968063872255489,0.020958083832335328,0.06487025948103792,0.018962075848303395,0.013972055888223553,0.010978043912175649,0.001996007984031936,0.14471057884231536,0.42039660056657224,0.0056657223796034,0.0339943342776204,0.08101983002832862,0.053824362606232294,0.06685552407932012,0.03286118980169972,0.07195467422096317,0.036827195467422094,0.04985835694050991,0.026062322946175637,0.0028328611898017,0.0,0.00396600566572238,0.0056657223796034,0.014730878186968839,0.024362606232294616,0.02322946175637394,0.004532577903682719,0.019830028328611898,0.0056657223796034,0.006798866855524079,0.004532577903682719,0.0,0.004532577903682719
tschai,ty_november.mid,67.42008639308855,10.803446493968663,0.24199218800170963,0.3149412200485631,10.457593617641466,-0.011345218800648298,11.609082905894855,2,38.0,92.0,54.0,68.0,0.1604204999999883,3.247117226221361,0.1700863930885529,0.8633909287257019,0.038876889848812095,0.08801295896328294,0.0458963282937365,0.058315334773218146,0.1490280777537797,0.008639308855291577,0.11555075593952484,0.05399568034557235,0.10205183585313175,0.08963282937365011,0.02267818574514039,0.22732181425485962,0.14532685035116152,0.0010804970286331713,0.009724473257698542,0.04700162074554295,0.028092922744462453,0.04754186925985954,0.023230686115613183,0.04862236628849271,0.05672609400324149,0.06699081577525662,0.05780659103187466,0.02971366828741221,0.011345218800648298,0.03241491085899514,0.005402485143165856,0.04213938411669368,0.02593192868719611,0.05942733657482442,0.016747703943814155,0.046461372231226365,0.005942733657482442,0.016747703943814155,0.015667206915180983,0.0010804970286331713,0.15883306320907617,0.5245841035120148,0.004066543438077634,0.018484288354898338,0.046950092421441776,0.036598890942698706,0.05249537892791128,0.022181146025878003,0.03955637707948244,0.03733826247689464,0.051386321626617375,0.017375231053604435,0.0022181146025878,0.0,0.0,0.0036968576709796672,0.027726432532347505,0.016266173752310535,0.02144177449168207,0.012199630314232901,0.024029574861367836,0.0073937153419593345,0.01367837338262477,0.0014787430683918669,0.0,0.018853974121996304
tschai,ty_oktober.mid,62.76359338061466,9.821137928375874,0.7914883353895793,0.5543812151884872,4.43116010821307,-0.014201183431952662,12.834394875392972,2,37.0,82.0,45.0,62.0,0.8076656666666651,3.190350610113453,0.1335697399527187,0.9692671394799054,0.054373522458628844,0.061465721040189124,0.17139479905437352,0.008274231678486997,0.1288416075650118,0.11347517730496454,0.028368794326241134,0.1347517730496454,0.01773049645390071,0.18203309692671396,0.08156028368794327,0.01773049645390071,0.15384615384615385,0.005917159763313609,0.01775147928994083,0.02485207100591716,0.020118343195266272,0.04260355029585799,0.01893491124260355,0.028402366863905324,0.0378698224852071,0.027218934911242602,0.04497041420118343,0.07100591715976332,0.028402366863905324,0.04497041420118343,0.07218934911242604,0.04497041420118343,0.02485207100591716,0.046153846153846156,0.016568047337278107,0.021301775147928994,0.0035502958579881655,0.02485207100591716,0.011834319526627219,0.0035502958579881655,0.16331360946745563,0.47758716104039844,0.01936912008854455,0.04150525733259546,0.05368013281682346,0.05478693967902601,0.06419479800774765,0.029883785279468732,0.04814609850581074,0.04427227448810182,0.02933038184836746,0.012728278915329275,0.004427227448810182,0.0,0.002213613724405091,0.01162147205312673,0.012728278915329275,0.01549529607083564,0.016048699501936912,0.00774764803541782,0.01383508577753182,0.008301051466519093,0.01383508577753182,0.004980630879911455,0.002213613724405091,0.011068068622025456
tschai,ty_september.mid,66.64336917562724,12.11374781558932,0.24723212884557957,0.20392935039837973,13.640479685623866,-0.013895114298520844,13.62924863339237,2,36.0,91.0,55.0,67.0,0.15212599999999554,3.2065905138954918,0.14023297491039421,0.9699820788530465,0.0667562724014337,0.020161290322580645,0.1886200716845878,0.050627240143369175,0.08109318996415771,0.013888888888888888,0.10528673835125447,0.14202508960573476,0.021057347670250897,0.08154121863799284,0.03449820788530466,0.19444444444444445,0.21783953384132676,0.0017929179740026895,0.004930524428507396,0.0210667861945316,0.05871806364858808,0.03272075302554908,0.006723442402510085,0.03047960555804572,0.06723442402510085,0.06499327655759748,0.014791573285522188,0.00582698341550874,0.02510085163603765,0.025997310623038995,0.03047960555804572,0.033617212012550426,0.037203047960555805,0.0210667861945316,0.006723442402510085,0.020618556701030927,0.02823845809054236,0.01703272075302555,0.014791573285522188,0.0031376064545047063,0.20887494397131331,0.6230256898192198,0.00038058991436726926,0.007992388201712655,0.02721217887725975,0.05118934348239772,0.03501427212178877,0.01065651760228354,0.024548049476688868,0.04167459562321599,0.04110371075166508,0.009134157944814463,0.00038058991436726926,0.0,0.0,0.004376784015223597,0.01769743101807802,0.02340627973358706,0.010846812559467175,0.0028544243577545195,0.011798287345385348,0.014272121788772598,0.008943862987630828,0.0020932445290199808,0.0,0.03139866793529972
